Bag Number,Surface,Fold,Time (Bag),Mu Value,Inconsistency,Raw If Applicable,Previously Recorded Mu,Previoulsy Recorded Time,Mu Difference,Timestamp Difference,,,,,,,,,,,,,,
"3 surface, Assam, Track 1",,,,,,,,,,,,,,,,,,,,,,,,
Bag 1,Cardboard,5,1770685229,0.8415899703,,,0.8416,1770685229,0.000,0.040,,FOLD 1 TESTING SET,,,FOLD 2 TESTING SET,,,FOLD 3 TESTING SET,,,FOLD 4 TESTING SET,,,FOLD 5 TESTING SET
,Acrylic,.,1770685233,0.9127304548,,,0.9127,1770685233,0.000,0.000,,"track 1: 9,19,20",,,"track 1: 2,7",,,"track 1: 6,11,17,18",,,"track 1: 5,8,12,13",,,"track 1: 1,3,4,10,14,15,16"
,Tile,.,1770685236,0.6960932134,,,0.6961,1770685236,0.000,0.000,,"track 2: 6,9,10",,,"track 2: 2,7,11,13,16",,,"track 2: 3,5,8,14",,,"track 2: 1,4,12",,,track 2: 15
Bag 2,Cardboard,2,1770685255,1.125711839,,,1.1257,1770685255,0.000,0.036,,"track 3: 5,7,11,16,20",,,"track 3: 6,8,13,15,18",,,"track 3: 3,10,17",,,"track 3: 1,4,12,14",,,"track 3: 2,9,19"
,Acrylic,.,1770685258,0.9801569032,,,0.9802,1770685258,0.000,0.000,,Fold 1 Best F1 Threshold: 0.5196,,,Fold 2 Best F1 Threshold: 0.5823,,,Fold 3 Best F1 Threshold: 0.3082,,,Fold 4 Best F1 Threshold: 0.5899,,,Fold 5 Best F1 Threshold: 0.5823
,Tile,.,1770685262,0.711716796,,,0.7117,1770685262,0.000,0.020,,Fold 1 Best F1 Epsilon:   3.4864,,,Fold 2 Best F1 Epsilon:   3.2845,,,Fold 3 Best F1 Epsilon:   4.3945,,,Fold 4 Best F1 Epsilon:   3.2341,,,Fold 5 Best F1 Epsilon:   3.2845
Bag 3,Cardboard,5,1770685278,1.17147256,,,1.1715,1770685278,0.000,0.020,,- TP: 90,,,- TP: 86,,,- TP: 85,,,- TP: 84,,,- TP: 84
,Acrylic,.,1770685280,0.8675244117,,,0.86752,1770685280,0.000,0.020,,- FP: 16,,,- FP: 20,,,- FP: 26,,,- FP: 17,,,- FP: 18
,Tile,.,1770685283,0.7205852602,,,0.72058,1770685283,0.000,0.040,,- FN: 27,,,- FN: 31,,,- FN: 30,,,- FN: 32,,,- FN: 31
Bag 4,Cardboard,5,1770685300,0.9486374599,extra 1,,0.948637,1770685300,0.000,0.000,,- Precision: 0.849,,,- Precision: 0.811,,,- Precision: 0.766,,,- Precision: 0.832,,,- Precision: 0.824
,Acrylic,.,1770685303,1.074897362,,,1.07489,1770685303,0.000,0.035,,- Recall: 0.769,,,- Recall: 0.735,,,- Recall: 0.739,,,- Recall: 0.724,,,- Recall: 0.730
,Tile,.,1770685306,0.7014588838,,,0.70145,1770685306,0.000,0.040,,- F1: 0.807,,,- F1: 0.771,,,- F1: 0.752,,,- F1: 0.774,,,- F1: 0.774
Bag 5,Cardboard,4,1770685325,1.093933765,,,1.0939,1770685325,0.000,0.020,,python3 /workspace/src/drift_detector/drift_detector/drift_detector_node.py 0.5196 3.4864,,,python3 /workspace/src/drift_detector/drift_detector/drift_detector_node.py 0.5823 3.2845,,,python3 /workspace/src/drift_detector/drift_detector/drift_detector_node.py 0.3082 4.3945,,,python3 /workspace/src/drift_detector/drift_detector/drift_detector_node.py 0.5899 3.2341,,,python3 /workspace/src/drift_detector/drift_detector/drift_detector_node.py 0.5823 3.2845
,Acrylic,.,1770685328,0.9176910204,,,0.91769,1770685328,0.000,0.000,,,,,,,,,,,,,,
,Tile,.,1770685332,0.7630843658,,,0.76308,1770685332,0.000,0.000,,,,,,,,,,,,,,
Bag 6,Cardboard,3,1770685348,1.223298434,,,1.22329,1770685348,0.000,0.159,,,,,,,,,,,,,,
,Acrylic,.,1770685351,0.7205485175,,,0.720548,1770685351,0.000,0.175,,,,,,,,,,,,,,
,Tile,.,1770685354,0.65954879,,,0.659548,1770685355,0.000,0.165,,,,,,,,,,,,,,
Bag 7,Cardboard,2,1770685370,1.238564351,,,1.23856,1770685370,0.000,0.025,,,,,,,,,,,,,,
,Acrylic,.,1770685373,0.9599639196,,,0.95996,1770685373,0.000,0.022,,,,,,,,,,,,,,
,Tile,.,1770685376,0.6950948899,,,0.695094,1770685376,0.000,0.040,,,,,,,,,,,,,,
Bag 8,Cardboard,4,1770685419,1.207087062,,,1.20708,1770685419,0.000,0.080,,,,,,,,,,,,,,
,Acrylic,.,1770685422,0.9006794133,,,0.90067,1770685422,0.000,0.021,,,,,,,,,,,,,,
,Tile,.,1770685425,0.6912420848,,,0.69124,1770685425,0.000,0.039,,,,,,,,,,,,,,
Bag 9,Cardboard,1,1770685440,1.127376863,,,1.12737,1770685440,0.000,0.025,,,,,,,,,,,,,,
,Acrylic,.,1770685442,1.105868102,,,1.105868,1770685442,0.000,0.027,,,,,,,,,,,,,,
,Tile,.,1770685446,0.7504805015,,,0.75048,1770685446,0.000,0.015,,,,,,,,,,,,,,
Bag 10,Cardboard,5,1770685461,0.928818455,,,0.928818,1770685461,0.000,0.020,,,,,,,,,,,,,,
,Acrylic,.,1770685465,0.6981543221,,,0.6981543,1770685465,0.000,0.149,,,,,,,,,,,,,,
,Tile,.,1770685468,0.6795514235,,,0.6795514,1770685468,0.000,0.020,,,,,,,,,,,,,,
Bag 11,Cardboard,3,1770685482,1.065439565,,,1.0654395,1770685483,0.000,0.220,,,,,,,,,,,,,,
,Acrylic,.,1770685486,0.7520148837,,,0.7520148,1770685486,0.000,0.161,,,,,,,,,,,,,,
,Tile,.,1770685488,0.7371280318,,,0.737128,1770685489,0.000,0.160,,,,,,,,,,,,,,
Bag 12,Cardboard,4,1770685517,1.084426998,,,1.0844269,1770685517,0.000,0.062,,,,,,,,,,,,,,
,Acrylic,.,1770685519,0.9668405456,,,0.9668405,1770685519,0.000,0.067,,,,,,,,,,,,,,
,Tile,.,1770685522,0.6586842966,,,0.658684,1770685522,0.000,0.020,,,,,,,,,,,,,,
Bag 13,Cardboard,4,1770685541,1.002671496,,,1.00267149,1770685541,0.000,0.015,,,,,,,,,,,,,,
,Acrylic,.,1770685544,0.7233920819,,,0.72339208,1770685544,0.000,0.075,,,,,,,,,,,,,,
,Tile,.,1770685547,0.7251524385,,,0.7251524,1770685547,0.000,0.015,,,,,,,,,,,,,,
Bag 14,Cardboard,5,1770685563,0.9468346919,,,0.946834,1770685563,0.000,0.036,,,,,,,,,,,,,,
,Acrylic,.,1770685565,1.043626269,,,1.0436262,1770685565,0.000,0.014,,,,,,,,,,,,,,
,Tile,.,1770685568,0.6678314216,,,0.66783142,1770685568,0.000,0.000,,,,,,,,,,,,,,
Bag 15,Cardboard,5,1770685583,1.048652702,,,1.0486527,1770685583,0.000,0.039,,,,,,,,,,,,,,
,Acrylic,.,1770685586,0.7675737622,,,0.76757376,1770685586,0.000,0.000,,,,,,,,,,,,,,
,Tile,.,1770685589,0.6395216272,,,0.639521627,1770685589,0.000,0.015,,,,,,,,,,,,,,
Bag 16,Cardboard,5,1770685605,0.9765088555,,,0.97650885,1770685605,0.000,0.000,,,,,,,,,,,,,,
,Acrylic,.,1770685608,0.6747166092,,,0.6747166,1770685608,0.000,0.036,,,,,,,,,,,,,,
,Tile,.,1770685610,0.630516063,,,0.630516062,1770685610,0.000,0.040,,,,,,,,,,,,,,
Bag 17,Cardboard,3,1770685625,0.8813267071,extra 1,,0.8813267,1770685625,0.000,0.175,,,,,,,,,,,,,,
,Acrylic,.,1770685628,0.6826693048,,,0.6826693,1770685629,0.000,0.165,,,,,,,,,,,,,,
,Tile,.,1770685631,0.5967960455,,,0.596796,1770685632,0.000,0.155,,,,,,,,,,,,,,
Bag 18,Cardboard,3,1770685652,0.9142219725,,,0.91422197,1770685652,0.000,0.136,,,,,,,,,,,,,,
,Acrylic,.,1770685655,0.722906372,,,0.69363239,1770685655,0.029,0.228,,,,,,,,,,,,,,
,Tile,.,1770685657,0.6952665292,,,0.69526652,1770685657,0.000,0.140,,,,,,,,,,,,,,
Bag 19,Cardboard,1,1770685683,0.936962369,,,0.93696236,1770685683,0.000,0.045,,,,,,,,,,,,,,
,Acrylic,.,1770685686,1.061705111,,,1.06170511,1770685686,0.000,0.055,,,,,,,,,,,,,,
,Tile,.,1770685689,0.6998873186,,,0.69988731,1770685689,0.000,0.045,,,,,,,,,,,,,,
Bag 20,Cardboard,1,1770685703,1.02945182,,,1.02945181,1770685703,0.000,0.020,,,,,,,,,,,,,,
,Acrylic,.,1770685705,0.9164378401,,,0.91643784,1770685705,0.000,0.055,,,,,,,,,,,,,,
,Tile,.,1770685708,0.6997863982,,,0.6997863,1770685708,0.000,0.019,,,,,,,,,,,,,,
"3 surface, Assam, Track 2",,.,,,,,,,,,,,,,,,,,,,,,,
Bag 1,Tile,4,1770760647,0.6918024201,,,0.69180242,1770760647,0.000,0.015,,,,,,,,,,,,,,
,Cardboard,.,1770760654,0.9907632305,,,0.99076323,1770760654,0.000,0.016,,,,,,,,,,,,,,
,Acrylic,.,1770760657,0.82483737,,,0.82483737,1770760657,0.000,0.000,,,,,,,,,,,,,,
Bag 2,Tile,2,1770760674,0.6935956635,,,0.69359566,1770760674,0.000,0.000,,,,,,,,,,,,,,
,Cardboard,.,1770760680,1.057365017,,,1.057365016,1770760680,0.000,0.020,,,,,,,,,,,,,,
,Acrylic,.,1770760684,0.9511330905,,,0.9511330905,1770760684,0.000,0.040,,,,,,,,,,,,,,
Bag 3,Tile,3,1770760700,0.6652188953,,,0.66521889,1770760700,0.000,0.156,,,,,,,,,,,,,,
,Cardboard,.,1770760706,0.9292311212,,,0.92923112,1770760706,0.000,0.136,,,,,,,,,,,,,,
,Acrylic,.,1770760708,0.9478648152,,,0.9478648151,1770760709,0.000,0.140,,,,,,,,,,,,,,
Bag 4,Tile,4,1770760723,0.6785552684,,,0.6785552684,1770760723,0.000,0.039,,,,,,,,,,,,,,
,Cardboard,.,1770760729,0.8446965494,,,0.8446965494,1770760729,0.000,0.000,,,,,,,,,,,,,,
,Acrylic,.,1770760732,0.7181710076,,,0.7181710075,1770760732,0.000,0.020,,,,,,,,,,,,,,
Bag 5,Tile,3,1770760748,0.7404798108,,,0.7404798108,1770760748,0.000,0.140,,,,,,,,,,,,,,
,Cardboard,.,1770760753,1.041958062,,,1.041958061,1770760753,0.000,0.136,,,,,,,,,,,,,,
,Acrylic,.,1770760755,0.6789101833,,,0.6789101833,1770760755,0.000,0.160,,,,,,,,,,,,,,
Bag 6,Tile,1,1770760810,0.7223886907,,,0.7223886906,1770760810,0.000,0.036,,,,,,,,,,,,,,
,Cardboard,.,1770760816,0.8750385896,,,0.87503858,1770760816,0.000,0.040,,,,,,,,,,,,,,
,Acrylic,.,1770760820,1.390464671,,,1.390464671,1770760820,0.000,0.045,,,,,,,,,,,,,,
Bag 7,Tile,2,1770760883,0.6938557598,,,0.693855759,1770760883,0.000,0.035,,,,,,,,,,,,,,
,Cardboard,.,1770760890,0.8980291949,,,0.8980291949,1770760890,0.000,0.021,,,,,,,,,,,,,,
,Acrylic,.,1770760893,0.7200478942,,,0.72004789,1770760893,0.000,0.020,,,,,,,,,,,,,,
Bag 8,Tile,3,1770760922,0.6759991876,,,0.6759991876,1770760922,0.000,0.115,,,,,,,,,,,,,,
,Cardboard,.,1770760928,1.059625954,,,1.05962595,1770760928,0.000,0.140,,,,,,,,,,,,,,
,Acrylic,.,1770760930,0.7635727213,,,0.76357272,1770760930,0.000,0.165,,,,,,,,,,,,,,
Bag 9,Tile,1,1770760999,0.6175559023,,,0.6175559023,1770760999,0.000,0.043,,,,,,,,,,,,,,
,Cardboard,.,1770761004,1.055265147,,,1.055265147,1770761004,0.000,0.000,,,,,,,,,,,,,,
,Acrylic,.,1770761007,0.7068303252,,,0.706830325,1770761007,0.000,0.040,,,,,,,,,,,,,,
Bag 10,Tile,1,1770761025,0.6481148752,,,0.648114875,1770761025,0.000,0.020,,,,,,,,,,,,,,
,Cardboard,.,1770761031,0.8983166196,,,0.8983166196,1770761031,0.000,0.018,,,,,,,,,,,,,,
,Acrylic,.,1770761034,0.7293578089,,,0.729357808,1770761034,0.000,0.020,,,,,,,,,,,,,,
Bag 11,Tile,2,1770761050,0.6756369776,,,0.6756369776,1770761050,0.000,0.000,,,,,,,,,,,,,,
,Cardboard,.,1770761056,1.095908065,,,1.095908064,1770761056,0.000,0.000,,,,,,,,,,,,,,
,Acrylic,.,1770761058,0.774511134,,,0.7745111339,1770761058,0.000,0.000,,,,,,,,,,,,,,
Bag 12,Tile,4,1770761073,0.7324887419,,,0.7324887418,1770761073,0.000,0.000,,,,,,,,,,,,,,
,Cardboard,.,1770761078,1.032604116,,,1.032604115,1770761078,0.000,0.000,,,,,,,,,,,,,,
,Acrylic,.,1770761080,0.7585566574,,,0.7585566574,1770761080,0.000,0.000,,,,,,,,,,,,,,
Bag 13,Tile,2,1770761097,0.6739674954,,,0.6739674954,1770761097,0.000,0.019,,,,,,,,,,,,,,
,Cardboard,.,1770761102,0.9697900619,,,0.969790061,1770761102,0.000,0.020,,,,,,,,,,,,,,
,Acrylic,.,1770761105,1.128843536,,,1.128843535,1770761105,0.000,0.020,,,,,,,,,,,,,,
Bag 14,Tile,3,1770761147,0.6695189558,,,0.6695189557,1770761147,0.000,0.136,,,,,,,,,,,,,,
,Cardboard,.,1770761153,0.8664588519,,,0.8664588519,1770761153,0.000,0.163,,,,,,,,,,,,,,
,Acrylic,.,1770761158,1.037855973,,,1.037855973,1770761158,0.000,0.182,,,,,,,,,,,,,,
Bag 15,Tile,5,1770761173,0.7058638883,,,0.70586388,1770761173,0.000,0.025,,,,,,,,,,,,,,
,Cardboard,.,1770761180,1.04363914,,,1.04363914,1770761180,0.000,0.000,,,,,,,,,,,,,,
,Acrylic,.,1770761183,0.7070192763,,,0.7070192763,1770761183,0.000,0.020,,,,,,,,,,,,,,
Bag 16,Tile,2,1770761212,0.6993529493,,,0.6993529493,1770761212,0.000,0.000,,,,,,,,,,,,,,
,Cardboard,.,1770761220,0.8183505199,,,0.8183505199,1770761220,0.000,0.000,,,,,,,,,,,,,,
,Acrylic,.,1770761222,0.7157412862,,,0.7157412862,1770761222,0.000,0.020,,,,,,,,,,,,,,
2 Surface Bags,,.,,,,,,,,,,,,,,,,,,,,,,
Bag1,Tile,4,1756824533,0.7631135756,,,0.7631135756,,0.000,,,,,,,,,,,,,,,
,Cardboard,.,1756824537,0.7938452464,,,0.7938452464,,0.000,,,,,,,,,,,,,,,
Bag2,Tile,5,1756824593,0.7634124267,,,0.7634124267,,0.000,,,,,,,,,,,,,,,
,Cardboard,.,1756824597,0.8280248969,,,0.8280248969,,0.000,,,,,,,,,,,,,,,
Bag3,Tile,3,1756824916,0.8149010226,extra 2,1756824921        0.4068440896,0.8149010226,,0.000,,,,,,,,,,,,,,,
,Cardboard,.,1756824919,1.1734409,,1756824923        0.7145389017,1.1734409,,0.000,,,,,,,,,,,,,,,
Bag4,Tile,4,1756825110,0.7402349295,,,0.7402349295,,0.000,,,,,,,,,,,,,,,
,Cardboard,.,1756825113,1.227157265,,,1.227157265,,0.000,,,,,,,,,,,,,,,
Bag5,Tile,1,1756825178,0.7606694346,,,0.7606694346,,0.000,,,,,,,,,,,,,,,
,Cardboard,.,1756825182,1.094875197,,,1.094875197,,0.000,,,,,,,,,,,,,,,
Bag6,Tile,2,1756825212,0.62830973,extra 1,,0.62830973,,0.000,,,,,,,,,,,,,,,
,Cardboard,.,1756825220,1.074603147,,,1.074603147,,0.000,,,,,,,,,,,,,,,
Bag7,Tile,1,1756825270,0.7674276654,,,0.7674276654,,0.000,,,,,,,,,,,,,,,
,Cardboard,.,1756825273,1.145653588,,,1.145653588,,0.000,,,,,,,,,,,,,,,
Bag8,Tile,2,1756825341,0.8090669306,,,0.8090669306,,0.000,,,,,,,,,,,,,,,
,Cardboard,.,1756825345,0.9732260447,,,0.9732260447,,0.000,,,,,,,,,,,,,,,
Bag9,Tile,5,1756825382,0.834754076,,,0.834754076,,0.000,,,,,,,,,,,,,,,
,Cardboard,.,1756825385,0.9683953042,,,0.9683953042,,0.000,,,,,,,,,,,,,,,
Bag10,Tile,3,1756825414,0.7852399325,,,0.7852399325,,0.000,,,,,,,,,,,,,,,
,Cardboard,.,1756825417,0.956274921,,,0.956274921,,0.000,,,,,,,,,,,,,,,
Bag11,Tile,1,1756825473,0.7787457134,,,0.7787457134,,0.000,,,,,,,,,,,,,,,
,Cardboard,.,1756825477,1.088336337,,,1.088336337,,0.000,,,,,,,,,,,,,,,
Bag12,Tile,4,1756825505,0.7791491994,,,0.7791491994,,0.000,,,,,,,,,,,,,,,
,Cardboard,.,1756825510,1.040595808,,,1.040595808,,0.000,,,,,,,,,,,,,,,
Bag13,Tile,2,1756825578,0.728108161,,,0.728108161,,0.000,,,,,,,,,,,,,,,
,Cardboard,.,1756825581,1.106191047,,,1.106191047,,0.000,,,,,,,,,,,,,,,
Bag14,Tile,4,1756825757,0.7360634351,,,0.7360634351,,0.000,,,,,,,,,,,,,,,
,Cardboard,.,1756825760,0.9018015842,,,0.9018015842,,0.000,,,,,,,,,,,,,,,
Bag15,Tile,2,1756825823,0.7616601807,,,0.7616601807,,0.000,,,,,,,,,,,,,,,
,Cardboard,.,1756825828,1.110426904,,,1.110426904,,0.000,,,,,,,,,,,,,,,
Bag16,Tile,1,1756825908,0.7463947216,,,0.7463947216,,0.000,,,,,,,,,,,,,,,
,Cardboard,.,1756825912,1.064507089,,,1.064507089,,0.000,,,,,,,,,,,,,,,
Bag17,Tile,3,1756825944,0.7589043801,extra 1,,0.7589043801,,0.000,,,,,,,,,,,,,,,
,Cardboard,.,1756825946,1.803533637,,,1.803533637,,0.000,,,,,,,,,,,,,,,
Bag18,Tile,2,1756825973,0.7706837071,,,0.7706837071,,0.000,,,,,,,,,,,,,,,
,Cardboard,.,1756825977,1.495165578,,,1.495165578,,0.000,,,,,,,,,,,,,,,
Bag19,Tile,5,1756826024,0.7332467526,,,0.7332467526,,0.000,,,,,,,,,,,,,,,
,Cardboard,.,1756826027,1.18100476,,,1.18100476,,0.000,,,,,,,,,,,,,,,
Bag20,Tile,1,1756826068,0.7318222723,,,0.7318222723,,0.000,,,,,,,,,,,,,,,
,Cardboard,.,1756826072,0.858934218,,,0.858934218,,0.000,,,,,,,,,,,,,,,