1770761413,789772445,,0.0,0.0,0.0,0.0,0.0
1770761413,847786254,,0.0,0.0,0.0,0.0,0.0
1770761413,900342262,,0.0,0.0,0.0,0.0,0.0
1770761413,952679292,,0.0,0.0,0.0,0.0,0.0
1770761414,109899056,,0.0,0.0,0.0,0.0,0.0
1770761414,172736484,,0.0,0.0,0.0,0.0,0.0
1770761414,213245970,,0.0,0.0,0.0,0.0,0.0
1770761414,264720081,,0.0,0.0,0.0,0.0,0.0
1770761414,320910356,,0.0,0.0,0.0,0.0,0.0
1770761414,373561884,,0.0,0.0,0.0,0.0,0.0
1770761414,423380783,,0.0,0.0,0.0,0.0,0.0
1770761414,474844399,,0.0,0.0,0.0,0.0,0.0
1770761414,532403835,,0.0,0.0,0.0,0.0,0.0
1770761414,589459301,,0.0,0.0,0.0,0.0,0.0
1770761414,639518969,,0.0,0.0,0.0,0.0,0.0
1770761414,690461525,,0.0,0.0,0.0,0.0,0.0
1770761414,741711219,,0.0,0.0,0.0,0.0,0.0
1770761414,792340652,,0.0,0.0,0.0,0.0,0.0
1770761414,843044966,,0.0,0.0,0.0,0.0,0.0
1770761414,894092834,,0.0,0.0,0.0,0.0,0.0
1770761414,945965861,,0.0,0.0,0.0,0.0,0.0
1770761414,996772863,,0.0,0.0,0.0,0.0,0.0
1770761415,48275646,,0.0,0.0,0.0,0.0,0.0
1770761415,103341560,,0.0,0.0,0.0,0.0,0.0
1770761415,155219578,,0.0,0.0,0.0,0.0,0.0
1770761415,223595383,,0.0,0.0,0.0,0.0,0.0
1770761415,259921286,,0.0,0.0,0.0,0.0,0.0
1770761415,311132707,,0.0,0.0,0.0,0.0,0.0
1770761415,365390967,,0.0,0.0,0.0,0.0,0.0
1770761415,416139440,,0.0,0.0,0.0,0.0,0.0
1770761415,468062131,,0.0,0.0,0.0,0.0,0.0
1770761415,499833695,,0.0,0.0,0.07912154495716095,0.0,0.0
1770761415,521136638,,0.0,0.0,0.23448851704597473,0.0,0.0
1770761415,530251106,,0.0,0.0,0.3380664885044098,0.0,0.0
1770761415,581392926,,0.0,0.0,0.3380664885044098,0.0,0.0
1770761415,612140611,,-0.005369783844798803,0.0,0.3898554742336273,0.0,0.0
1770761415,632550107,,-0.01945638842880726,0.0,0.3898554742336273,0.0,0.0
1770761415,643200458,,-0.030021339654922485,0.0,0.3898554742336273,0.0,0.0
1770761415,656801007,,-0.04059677571058273,0.0,0.3898554742336273,0.0,0.0
1770761415,682167308,,-0.06524833291769028,0.0,0.3898554742336273,0.0,0.0
1770761415,714929152,,-0.08991037309169769,0.0,0.3898554742336273,0.0,0.0
1770761415,726795608,,-0.10751862823963165,0.0,0.3898554742336273,0.0,0.0
1770761415,737918411,,-0.12160523235797882,0.0,0.3898554742336273,0.0,0.0
1770761415,788335010,,-0.1603538691997528,0.0,0.3898554742336273,0.0,0.0
1770761415,801965832,,-0.19558085501194,0.0,0.4934334456920624,0.0,0.0
1770761415,817271034,,-0.21319961547851562,0.0,0.4934334456920624,0.0,0.0
1770761415,827298948,,-0.2272862195968628,0.0,0.4934334456920624,0.0,0.0
1770761415,842809944,,-0.24137282371520996,0.0,0.4934334456920624,0.0,0.0
1770761415,848318561,,-0.258991539478302,0.0,0.4934334456920624,0.0,0.0
1770761415,869660160,,-0.30478349328041077,0.0,0.4934334456920624,0.0,0.0
1770761415,894394808,,-0.3294350504875183,0.0,0.4934334456920624,0.0,0.0
1770761415,900817544,,-0.3400000035762787,0.0,0.4934334456920624,0.0,0.0
1770761415,956044035,,-0.3400000035762787,0.0,0.4934334456920624,0.0,0.0
1770761416,3569412,,-0.3400000035762787,0.0,0.4934334456920624,0.0,0.0
1770761416,44294131,,-0.3400000035762787,0.0,0.5452224016189575,0.0,0.0
1770761416,77161639,,-0.3400000035762787,0.0,0.6489545106887817,0.0,0.0
1770761416,101248635,,-0.3400000035762787,0.0,0.8043214678764343,0.0,0.0
1770761416,148459578,,-0.3400000035762787,0.0,0.8043214678764343,0.0,0.0
1770761416,171434564,,-0.3400000035762787,0.0,0.9596884250640869,0.0,0.0
1770761416,199967736,,-0.3400000035762787,0.0,1.0114774703979492,0.0,0.0
1770761416,255602966,,-0.3400000035762787,0.0,1.0114774703979492,0.0,0.0
1770761416,292732490,,-0.3400000035762787,0.0,1.1150553226470947,0.0,0.0
1770761416,335920843,,-0.3400000035762787,0.0,1.166844367980957,0.0,0.0
1770761416,389328984,,-0.3400000035762787,0.0,1.166844367980957,0.0,0.0
1770761416,456815790,,-0.30830514430999756,0.0,1.166844367980957,0.0,0.0
1770761416,467393213,,-0.25193777680397034,0.0,1.166844367980957,0.0,0.0
1770761416,481968361,,0.0,0.0,1.166844367980957,0.0,0.0
1770761416,527411995,,0.0,0.0,0.8561104536056519,0.0,0.0
1770761416,546214439,,0.0,0.0,0.7007434964179993,0.0,0.0
1770761416,600550939,,0.0,0.0,0.7007434964179993,0.0,0.0
1770761416,622440926,,0.0,0.0,0.5452224016189575,0.0,0.0
1770761416,674801891,,0.0,0.0,0.5452224016189575,0.0,0.0
1770761416,724949848,,0.0,0.0,0.5452224016189575,0.0,0.0
1770761416,776700568,,0.0,0.0,0.5452224016189575,0.0,0.0
1770761416,844230831,,0.0,0.0,0.8561104536056519,0.0,0.0
1770761416,851995176,,0.0,0.0,0.9596884250640869,0.0,0.0
1770761416,873855531,,0.0,0.0,1.1150553226470947,0.0,0.0
1770761416,901301847,,0.0,0.0,1.322365403175354,0.0,0.0
1770761416,926815253,,0.0,0.0,1.6848883628845215,0.0,0.0
1770761416,951806830,,0.0,0.0,1.788466215133667,0.0,0.0
1770761416,976846793,,0.0,0.0,1.8402552604675293,0.0,0.0
1770761416,997062015,,0.0,0.0,1.943987488746643,0.0,0.0
1770761417,32378949,,0.0,0.0,2.1511433124542236,0.0,0.0
1770761417,65895582,,0.0,0.0,2.2547214031219482,0.0,0.0
1770761417,88399397,,0.06525881588459015,0.0,2.2547214031219482,0.0,0.0
1770761417,107678261,,0.1251373589038849,0.0,2.2547214031219482,0.0,0.0
1770761417,122272033,,0.18854805827140808,0.0,2.2547214031219482,0.0,0.0
1770761417,132570733,,0.26604533195495605,0.0,2.410088300704956,0.0,0.0
1770761417,145175435,,0.3224022090435028,0.0,2.5656094551086426,0.0,0.0
1770761417,159804568,,0.3400000035762787,0.0,2.617398500442505,0.0,0.0
1770761417,178571587,,0.3400000035762787,0.0,2.9281325340270996,0.0,0.0
1770761417,193674643,,0.3400000035762787,0.0,3.031710386276245,0.0,0.0
1770761417,209445224,,0.3400000035762787,0.0,3.4979653358459473,0.0,0.0
1770761417,219647028,,0.3400000035762787,0.0,3.8088533878326416,0.0,0.0
1770761417,234957094,,0.3400000035762787,0.0,4.1713762283325195,0.0,0.0
1770761417,243799208,,0.3400000035762787,0.0,4.534053325653076,0.0,0.0
1770761417,255843457,,0.3400000035762787,0.0,4.637631416320801,0.0,0.0
1770761417,274118697,,0.3400000035762787,0.0,4.844787120819092,0.0,0.0
1770761417,284663607,,0.3400000035762787,0.0,5.0,0.0,0.0
1770761417,337838178,,0.3400000035762787,0.0,5.0,0.0,0.0
1770761417,388505594,,0.3400000035762787,0.0,5.0,0.0,0.0
1770761417,440012793,,0.3400000035762787,0.0,5.0,0.0,0.0
1770761417,505617472,,0.3400000035762787,0.0,4.119587421417236,0.0,0.0
1770761417,523242819,,0.3400000035762787,0.0,0.9596884250640869,0.0,0.0
1770761417,527643044,,0.3400000035762787,0.0,0.0,0.0,0.0
1770761417,536654215,,0.3400000035762787,0.0,0.0,0.0,0.0
1770761417,559500240,,0.0,0.0,0.0,0.0,0.0
1770761417,622574885,,-0.10047532618045807,0.0,0.0,0.0,0.0
1770761417,633343541,,-0.23785117268562317,0.0,0.0,0.0,0.0
1770761417,643218462,,-0.31182679533958435,0.0,0.0,0.0,0.0
1770761417,653641324,,-0.3400000035762787,0.0,0.0,0.0,0.0
1770761417,704978793,,-0.3400000035762787,0.0,0.0,0.0,0.0
1770761417,762773782,,-0.3400000035762787,0.0,0.0,0.0,0.0
1770761417,809935381,,-0.3400000035762787,0.0,0.0,0.0,0.0
1770761417,862408442,,-0.3400000035762787,0.0,0.0,0.0,0.0
1770761417,913473270,,-0.3400000035762787,0.0,0.0,0.0,0.0
1770761417,969554486,,-0.3400000035762787,0.0,0.0,0.0,0.0
1770761418,22541568,,-0.3400000035762787,0.0,0.0,0.0,0.0
1770761418,57795781,,-0.3400000035762787,0.0,0.1826995313167572,0.0,0.0
1770761418,67773999,,-0.3400000035762787,0.0,0.1826995313167572,0.0,0.0
1770761418,107856025,,-0.3400000035762787,0.0,0.23448851704597473,0.0,0.0
1770761418,123258091,,-0.3400000035762787,0.0,0.3380664885044098,0.0,0.0
1770761418,138064793,,-0.3400000035762787,0.0,0.3380664885044098,0.0,0.0
1770761418,160263133,,-0.3400000035762787,0.0,0.3898554742336273,0.0,0.0
1770761418,175931410,,-0.24841612577438354,0.0,0.4934334456920624,0.0,0.0
1770761418,185845371,,0.0,0.0,0.5452224016189575,0.0,0.0
1770761418,194807774,,0.0,0.0,0.5452224016189575,0.0,0.0
1770761418,229626976,,0.0,0.0,0.6489545106887817,0.0,0.0
1770761418,276438107,,0.0,0.0,0.6489545106887817,0.0,0.0
1770761418,337852515,,0.0,0.0,0.7007434964179993,0.0,0.0
1770761418,357966712,,0.012423567473888397,0.0,0.7007434964179993,0.0,0.0
1770761418,368365862,,0.03707512468099594,0.0,0.7007434964179993,0.0,0.0
1770761418,381647336,,0.06525881588459015,0.0,0.8043214678764343,0.0,0.0
1770761418,391080398,,0.08992084860801697,0.0,0.8043214678764343,0.0,0.0
1770761418,433255847,,0.1180940568447113,0.0,1.1150553226470947,0.0,0.0
1770761418,442886287,,0.12866950035095215,0.0,1.1150553226470947,0.0,0.0
1770761418,464386062,,0.1462777554988861,0.0,1.1150553226470947,0.0,0.0
1770761418,484727045,,0.17093980312347412,0.0,1.1150553226470947,0.0,0.0
1770761418,542090575,,0.17093980312347412,0.0,1.1150553226470947,0.0,0.0
1770761418,593945103,,0.12866950035095215,0.0,1.1150553226470947,0.0,0.0
1770761418,614841770,,0.11105075478553772,0.0,1.1150553226470947,0.0,0.0
1770761418,639384769,,0.09344249963760376,0.0,1.1150553226470947,0.0,0.0
1770761418,655712826,,0.07582376897335052,0.0,1.1150553226470947,0.0,0.0
1770761418,676156241,,0.054693859070539474,0.0,1.1150553226470947,0.0,0.0
1770761418,734261857,,0.0,0.0,1.166844367980957,0.0,0.0
1770761418,774489291,,0.0,0.0,1.166844367980957,0.0,0.0
1770761418,825420933,,0.0,0.0,1.166844367980957,0.0,0.0
1770761418,876071037,,0.0,0.0,1.166844367980957,0.0,0.0
1770761418,926942166,,0.0,0.0,0.9596884250640869,0.0,0.0
1770761418,988026011,,0.040607254952192307,0.0,0.9596884250640869,0.0,0.0
1770761419,1430911,,0.08992084860801697,0.0,0.9596884250640869,0.0,0.0
1770761419,9142552,,0.10048580169677734,0.0,0.9596884250640869,0.0,0.0
1770761419,25465873,,0.1180940568447113,0.0,0.9596884250640869,0.0,0.0
1770761419,29960498,,0.1251373589038849,0.0,1.166844367980957,0.0,0.0
1770761419,51509042,,0.12866950035095215,0.0,1.2705764770507812,0.0,0.0
1770761419,102693838,,0.12866950035095215,0.0,1.2705764770507812,0.0,0.0
1770761419,133430737,,0.12866950035095215,0.0,1.322365403175354,0.0,0.0
1770761419,186664572,,0.12866950035095215,0.0,1.322365403175354,0.0,0.0
1770761419,238697438,,0.12866950035095215,0.0,1.322365403175354,0.0,0.0
1770761419,271117134,,0.13571280241012573,0.0,1.322365403175354,0.0,0.0
1770761419,290801408,,0.1462777554988861,0.0,1.322365403175354,0.0,0.0
1770761419,349671188,,0.1462777554988861,0.0,1.322365403175354,0.0,0.0
1770761419,369098756,,0.1462777554988861,0.0,1.425943374633789,0.0,0.0
1770761419,390080512,,0.1462777554988861,0.0,1.4777324199676514,0.0,0.0
1770761419,410373750,,0.1462777554988861,0.0,1.5813102722167969,0.0,0.0
1770761419,461090542,,0.1462777554988861,0.0,1.5813102722167969,0.0,0.0
1770761419,482619150,,0.17093980312347412,0.0,1.5813102722167969,0.0,0.0
1770761419,510469788,,0.18854805827140808,0.0,1.5813102722167969,0.0,0.0
1770761419,527038679,,0.20615631341934204,0.0,1.5813102722167969,0.0,0.0
1770761419,542602378,,0.22377504408359528,0.0,1.5813102722167969,0.0,0.0
1770761419,547009451,,0.24138329923152924,0.0,1.5813102722167969,0.0,0.0
1770761419,557652154,,0.24842660129070282,0.0,1.5813102722167969,0.0,0.0
1770761419,583005590,,0.2942185401916504,0.0,1.5813102722167969,0.0,0.0
1770761419,590581742,,0.3224022090435028,0.0,1.5813102722167969,0.0,0.0
1770761419,600542936,,0.3400000035762787,0.0,1.5813102722167969,0.0,0.0
1770761419,657590239,,0.3400000035762787,0.0,1.5813102722167969,0.0,0.0
1770761419,709597248,,0.3400000035762787,0.0,1.5813102722167969,0.0,0.0
1770761419,760125527,,0.3400000035762787,0.0,1.5813102722167969,0.0,0.0
1770761419,810253098,,0.3400000035762787,0.0,1.5813102722167969,0.0,0.0
1770761419,863195859,,0.3400000035762787,0.0,1.5813102722167969,0.0,0.0
1770761419,916486846,,0.3400000035762787,0.0,1.5813102722167969,0.0,0.0
1770761419,965046726,,0.3400000035762787,0.0,1.5813102722167969,0.0,0.0
1770761420,16377634,,0.3400000035762787,0.0,1.5813102722167969,0.0,0.0
1770761420,68698694,,0.3400000035762787,0.0,1.5813102722167969,0.0,0.0
1770761420,120793255,,0.3400000035762787,0.0,1.5813102722167969,0.0,0.0
1770761420,172148260,,0.3400000035762787,0.0,1.5813102722167969,0.0,0.0
1770761420,229155114,,0.3400000035762787,0.0,1.5813102722167969,0.0,0.0
1770761420,280598791,,0.3400000035762787,0.0,1.5813102722167969,0.0,0.0
1770761420,331790242,,0.3400000035762787,0.0,1.5813102722167969,0.0,0.0
1770761420,382519162,,0.3400000035762787,0.0,1.5813102722167969,0.0,0.0
1770761420,437827763,,0.3400000035762787,0.0,1.5813102722167969,0.0,0.0
1770761420,490605274,,0.3400000035762787,0.0,1.5813102722167969,0.0,0.0
1770761420,545662738,,0.3400000035762787,0.0,1.5813102722167969,0.0,0.0
1770761420,598298423,,0.3400000035762787,0.0,1.5813102722167969,0.0,0.0
1770761420,621926086,,0.3400000035762787,0.0,1.6848883628845215,0.0,0.0
1770761420,669680264,,0.3400000035762787,0.0,1.6848883628845215,0.0,0.0
1770761420,731612211,,0.3400000035762787,0.0,1.788466215133667,0.0,0.0
1770761420,787287439,,0.3400000035762787,0.0,1.788466215133667,0.0,0.0
1770761420,827691866,,0.3400000035762787,0.0,1.425943374633789,0.0,0.0
1770761420,846241795,,0.3400000035762787,0.0,1.322365403175354,0.0,0.0
1770761420,867660962,,0.3400000035762787,0.0,1.2705764770507812,0.0,0.0
1770761420,920309320,,0.3400000035762787,0.0,1.2705764770507812,0.0,0.0
1770761420,979514334,,0.28365358710289,0.0,1.2705764770507812,0.0,0.0
1770761420,993145539,,0.26604533195495605,0.0,1.2705764770507812,0.0,0.0
1770761421,30673401,,0.26604533195495605,0.0,1.5813102722167969,0.0,0.0
1770761421,71872010,,0.26604533195495605,0.0,1.6330993175506592,0.0,0.0
1770761421,113317948,,0.24842660129070282,0.0,1.6330993175506592,0.0,0.0
1770761421,144267905,,0.23433999717235565,0.0,1.6330993175506592,0.0,0.0
1770761421,156231930,,0.18854805827140808,0.0,1.6330993175506592,0.0,0.0
1770761421,170232225,,0.0,0.0,1.6330993175506592,0.0,0.0
1770761421,221691422,,0.0,0.0,1.6330993175506592,0.0,0.0
1770761421,272116179,,0.0,0.0,1.6330993175506592,0.0,0.0
1770761421,333478393,,0.0,0.0,1.322365403175354,0.0,0.0
1770761421,364237469,,-0.01945638842880726,0.0,1.322365403175354,0.0,0.0
1770761421,374490729,,-0.04059677571058273,0.0,1.322365403175354,0.0,0.0
1770761421,388089325,,-0.06876998394727707,0.0,1.322365403175354,0.0,0.0
1770761421,399779396,,-0.10751862823963165,0.0,1.322365403175354,0.0,0.0
1770761421,406897400,,-0.14626726508140564,0.0,1.322365403175354,0.0,0.0
1770761421,416720865,,-0.15683221817016602,0.0,1.322365403175354,0.0,0.0
1770761421,438723940,,-0.223764568567276,0.0,1.5813102722167969,0.0,0.0
1770761421,447844103,,-0.23080787062644958,0.0,1.5813102722167969,0.0,0.0
1770761421,458698071,,-0.25193777680397034,0.0,1.5813102722167969,0.0,0.0
1770761421,469055332,,-0.2625131905078888,0.0,1.5813102722167969,0.0,0.0
1770761421,481723298,,-0.27307814359664917,0.0,1.5813102722167969,0.0,0.0
1770761421,491062759,,-0.28716474771499634,0.0,1.5813102722167969,0.0,0.0
1770761421,501532244,,-0.31182679533958435,0.0,1.5813102722167969,0.0,0.0
1770761421,525611974,,-0.3400000035762787,0.0,1.5813102722167969,0.0,0.0
1770761421,573369160,,-0.3400000035762787,0.0,1.5813102722167969,0.0,0.0
1770761421,624345249,,-0.3400000035762787,0.0,1.5813102722167969,0.0,0.0
1770761421,679092150,,-0.3400000035762787,0.0,1.5813102722167969,0.0,0.0
1770761421,717992150,,-0.3400000035762787,0.0,1.322365403175354,0.0,0.0
1770761421,771825380,,-0.3400000035762787,0.0,1.322365403175354,0.0,0.0
1770761421,826423576,,-0.30478349328041077,0.0,1.322365403175354,0.0,0.0
1770761421,836464898,,-0.14274561405181885,0.0,1.322365403175354,0.0,0.0
1770761421,852439192,,0.0,0.0,1.2705764770507812,0.0,0.0
1770761421,898580334,,0.0,0.0,1.2705764770507812,0.0,0.0
1770761421,950919985,,0.0,0.0,1.2705764770507812,0.0,0.0
1770761421,982719036,,-0.026499688625335693,0.0,1.2705764770507812,0.0,0.0
1770761421,993627053,,-0.0546833761036396,0.0,1.2705764770507812,0.0,0.0
1770761422,4639710,,-0.06876998394727707,0.0,1.2705764770507812,0.0,0.0
1770761422,24720083,,-0.10751862823963165,0.0,1.2705764770507812,0.0,0.0
1770761422,30450685,,-0.14274561405181885,0.0,1.2705764770507812,0.0,0.0
1770761422,34060120,,-0.14978891611099243,0.0,1.2705764770507812,0.0,0.0
1770761422,55453270,,-0.20614580810070038,0.0,1.2705764770507812,0.0,0.0
1770761422,64619193,,-0.258991539478302,0.0,1.2705764770507812,0.0,0.0
1770761422,87906822,,-0.27659979462623596,0.0,1.2705764770507812,0.0,0.0
1770761422,101361993,,-0.28716474771499634,0.0,1.2705764770507812,0.0,0.0
1770761422,106888722,,-0.2977401912212372,0.0,1.2705764770507812,0.0,0.0
1770761422,166867821,,-0.2695564925670624,0.0,1.2705764770507812,0.0,0.0
1770761422,180295312,,-0.25193777680397034,0.0,1.2705764770507812,0.0,0.0
1770761422,188056042,,-0.21672126650810242,0.0,1.2705764770507812,0.0,0.0
1770761422,198499895,,-0.14274561405181885,0.0,1.2705764770507812,0.0,0.0
1770761422,220406521,,-0.06172667816281319,0.0,1.2705764770507812,0.0,0.0
1770761422,229916607,,0.0,0.0,1.2705764770507812,0.0,0.0
1770761422,287179366,,0.0,0.0,1.2705764770507812,0.0,0.0
1770761422,345633430,,0.0,0.0,1.2705764770507812,0.0,0.0
1770761422,394428831,,0.0,0.0,1.2705764770507812,0.0,0.0
1770761422,445432504,,0.0,0.0,1.2705764770507812,0.0,0.0
1770761422,496342864,,0.0,0.0,1.2705764770507812,0.0,0.0
1770761422,547218248,,0.0,0.0,1.2705764770507812,0.0,0.0
1770761422,599651180,,0.0,0.0,1.2705764770507812,0.0,0.0
1770761422,654810339,,0.0,0.0,1.2705764770507812,0.0,0.0
1770761422,703601356,,0.0,0.0,1.2705764770507812,0.0,0.0
1770761422,753979328,,0.0,0.0,1.2705764770507812,0.0,0.0
1770761422,805161018,,0.0,0.0,1.2705764770507812,0.0,0.0
1770761422,857145083,,0.0,0.0,1.2705764770507812,0.0,0.0
1770761422,909544734,,0.0,0.0,1.2705764770507812,0.0,0.0
1770761422,929903636,,0.0,0.0,1.5813102722167969,0.0,0.0
1770761422,944999268,,0.10048580169677734,0.0,1.8402552604675293,0.0,0.0
1770761422,954488650,,0.1251373589038849,0.0,1.9957764148712158,0.0,0.0
1770761422,964837206,,0.1815047562122345,0.0,2.1511433124542236,0.0,0.0
1770761422,983322271,,0.30127230286598206,0.0,2.3065104484558105,0.0,0.0
1770761422,987042171,,0.3400000035762787,0.0,2.4618773460388184,0.0,0.0
1770761422,996476992,,0.3400000035762787,0.0,2.5656094551086426,0.0,0.0
1770761423,7431313,,0.3400000035762787,0.0,3.1872315406799316,0.0,0.0
1770761423,19725324,,0.3400000035762787,0.0,4.016009330749512,0.0,0.0
1770761423,31664420,,0.3400000035762787,0.0,4.637631416320801,0.0,0.0
1770761423,41002057,,0.3400000035762787,0.0,5.0,0.0,0.0
1770761423,97948270,,0.3400000035762787,0.0,5.0,0.0,0.0
1770761423,150559954,,0.3400000035762787,0.0,5.0,0.0,0.0
1770761423,202120495,,0.3400000035762787,0.0,5.0,0.0,0.0
1770761423,252983078,,0.3400000035762787,0.0,5.0,0.0,0.0
1770761423,308733314,,0.3400000035762787,0.0,5.0,0.0,0.0
1770761423,361431207,,0.3400000035762787,0.0,5.0,0.0,0.0
1770761423,416989857,,0.3400000035762787,0.0,5.0,0.0,0.0
1770761423,469794855,,0.3400000035762787,0.0,5.0,0.0,0.0
1770761423,500784780,,0.3400000035762787,0.0,4.792998313903809,0.0,0.0
1770761423,513538634,,0.3400000035762787,0.0,4.534053325653076,0.0,0.0
1770761423,522988976,,0.3400000035762787,0.0,4.119587421417236,0.0,0.0
1770761423,533919776,,0.3400000035762787,0.0,3.653332233428955,0.0,0.0
1770761423,551314017,,0.3400000035762787,0.0,2.617398500442505,0.0,0.0
1770761423,554029589,,0.3400000035762787,0.0,-0.4414902925491333,0.0,0.0
1770761423,561899279,,0.3400000035762787,0.0,0.0,0.0,0.0
1770761423,615104952,,0.3400000035762787,0.0,0.0,0.0,0.0
1770761423,634819881,,0.3400000035762787,0.0,0.0,0.0,0.0
1770761423,656260264,,0.17093980312347412,0.0,0.0,0.0,0.0
1770761423,668628195,,0.0,0.0,0.0,0.0,0.0
1770761423,717676525,,0.0,0.0,0.0,0.0,0.0
1770761423,768592869,,0.0,0.0,0.0,0.0,0.0
1770761423,820802182,,0.0,0.0,0.0,0.0,0.0
1770761423,871324923,,0.0,0.0,0.0,0.0,0.0
1770761423,923979776,,0.0,0.0,0.0,0.0,0.0
1770761424,37746856,,0.0,0.0,0.0,0.0,0.0
1770761424,91650421,,0.0,0.0,0.0,0.0,0.0
1770761424,145407554,,0.0,0.0,0.0,0.0,0.0
1770761424,194083305,,0.0,0.0,0.0,0.0,0.0
1770761424,245608293,,0.04765055701136589,0.0,0.0,0.0,0.0
1770761424,257212795,,0.10048580169677734,0.0,0.0,0.0,0.0
1770761424,266466207,,0.1462777554988861,0.0,0.0,0.0,0.0
1770761424,276595914,,0.1779831051826477,0.0,0.0,0.0,0.0
1770761424,286940566,,0.20615631341934204,0.0,0.0,0.0,0.0
1770761424,297748198,,0.23081834614276886,0.0,0.0,0.0,0.0
1770761424,308103794,,0.24842660129070282,0.0,0.02733256295323372,0.0,0.0
1770761424,329452271,,0.25900202989578247,0.0,0.07912154495716095,0.0,0.0
1770761424,339704923,,0.27661028504371643,0.0,0.07912154495716095,0.0,0.0
1770761424,350527275,,0.30127230286598206,0.0,0.07912154495716095,0.0,0.0
1770761424,372395692,,0.30479395389556885,0.0,0.1826995313167572,0.0,0.0
1770761424,412055281,,0.26604533195495605,0.0,0.1826995313167572,0.0,0.0
1770761424,425626293,,0.24138329923152924,0.0,0.1826995313167572,0.0,0.0
1770761424,433068780,,0.23081834614276886,0.0,0.1826995313167572,0.0,0.0
1770761424,444110013,,0.19911301136016846,0.0,0.1826995313167572,0.0,0.0
1770761424,454437449,,0.16388601064682007,0.0,0.1826995313167572,0.0,0.0
1770761424,469004757,,0.1180940568447113,0.0,0.1826995313167572,0.0,0.0
1770761424,476169770,,0.07230211794376373,0.0,0.1826995313167572,0.0,0.0
1770761424,486321812,,0.0,0.0,0.1826995313167572,0.0,0.0
1770761424,537926225,,0.0,0.0,0.1826995313167572,0.0,0.0
1770761424,572938195,,0.0,0.0,0.23448851704597473,0.0,0.0
1770761424,619371850,,0.0,0.0,0.23448851704597473,0.0,0.0
1770761424,660467225,,-0.026499688625335693,0.0,0.23448851704597473,0.0,0.0
1770761424,671167656,,-0.06524833291769028,0.0,0.23448851704597473,0.0,0.0
1770761424,681084465,,-0.10751862823963165,0.0,0.23448851704597473,0.0,0.0
1770761424,691570622,,-0.14274561405181885,0.0,0.23448851704597473,0.0,0.0
1770761424,702038059,,-0.1920592039823532,0.0,0.23448851704597473,0.0,0.0
1770761424,718402948,,-0.223764568567276,0.0,0.23448851704597473,0.0,0.0
1770761424,723096583,,-0.258991539478302,0.0,0.23448851704597473,0.0,0.0
1770761424,733611540,,-0.2695564925670624,0.0,0.3380664885044098,0.0,0.0
1770761424,755888025,,-0.27307814359664917,0.0,0.3898554742336273,0.0,0.0
1770761424,787143679,,-0.07933493703603745,0.0,0.3898554742336273,0.0,0.0
1770761424,797598540,,0.0,0.0,0.3898554742336273,0.0,0.0
1770761424,849954510,,0.0,0.0,0.3898554742336273,0.0,0.0
1770761424,900618372,,0.0,0.0,0.5452224016189575,0.0,0.0
1770761424,916997277,,0.054693859070539474,0.0,0.7007434964179993,0.0,0.0
1770761424,921964482,,0.16388601064682007,0.0,1.1150553226470947,0.0,0.0
1770761424,932478895,,0.24138329923152924,0.0,1.5813102722167969,0.0,0.0
1770761424,943239743,,0.3400000035762787,0.0,2.3065104484558105,0.0,0.0
1770761424,954439313,,0.3400000035762787,0.0,3.3425984382629395,0.0,0.0
1770761424,966597451,,0.3400000035762787,0.0,4.223165035247803,0.0,0.0
1770761424,975798031,,0.3400000035762787,0.0,5.0,0.0,0.0
1770761424,985209556,,0.3400000035762787,0.0,5.0,0.0,0.0
1770761425,8578496,,0.3400000035762787,0.0,5.0,0.0,0.0
1770761425,26165762,,0.3400000035762787,0.0,5.0,0.0,0.0
1770761425,77392763,,0.3400000035762787,0.0,5.0,0.0,0.0
1770761425,128205330,,0.3400000035762787,0.0,5.0,0.0,0.0
1770761425,179462284,,0.3400000035762787,0.0,5.0,0.0,0.0
1770761425,230804646,,0.3400000035762787,0.0,5.0,0.0,0.0
1770761425,271849748,,0.3400000035762787,0.0,5.0,0.0,0.0
1770761425,293446547,,0.3400000035762787,0.0,5.0,0.0,0.0
1770761425,303617854,,0.3400000035762787,0.0,5.0,0.0,0.0
1770761425,324233334,,0.3400000035762787,0.0,5.0,0.0,0.0
1770761425,356552932,,0.3400000035762787,0.0,-0.7005893588066101,0.0,0.0
1770761425,369496836,,0.3400000035762787,0.0,0.3898554742336273,0.0,0.0
1770761425,378453030,,0.3400000035762787,0.0,0.0,0.0,0.0
1770761425,419706070,,0.23433999717235565,0.0,0.0,0.0,0.0
1770761425,431104970,,0.005380264949053526,0.0,0.0,0.0,0.0
1770761425,432325811,,0.0,0.0,0.0,0.0,0.0
1770761425,441772696,,0.0,0.0,0.0,0.0,0.0
1770761425,493789016,,0.0,0.0,0.0,0.0,0.0
1770761425,545975224,,0.0,0.0,0.0,0.0,0.0
1770761425,597037968,,0.0,0.0,0.0,0.0,0.0
1770761425,648401291,,0.0,0.0,0.0,0.0,0.0
1770761425,699197473,,0.0,0.0,0.0,0.0,0.0
1770761425,740273680,,0.012423567473888397,0.0,0.0,0.0,0.0
1770761425,751989190,,0.040607254952192307,0.0,0.0,0.0,0.0
1770761425,762237234,,0.07582376897335052,0.0,0.0,0.0,0.0
1770761425,775355634,,0.10048580169677734,0.0,0.0,0.0,0.0
1770761425,786055809,,0.12866950035095215,0.0,0.0,0.0,0.0
1770761425,794990339,,0.17093980312347412,0.0,0.02733256295323372,0.0,0.0
1770761425,807921122,,0.19559136033058167,0.0,0.23448851704597473,0.0,0.0
1770761425,821430246,,0.31183725595474243,0.0,0.4934334456920624,0.0,0.0
1770761425,842426497,,0.3400000035762787,0.0,0.8043214678764343,0.0,0.0
1770761425,854803356,,0.3400000035762787,0.0,1.1150553226470947,0.0,0.0
1770761425,866725588,,0.3400000035762787,0.0,1.322365403175354,0.0,0.0
1770761425,878841037,,0.3400000035762787,0.0,1.5813102722167969,0.0,0.0
1770761425,888175858,,0.3400000035762787,0.0,1.6848883628845215,0.0,0.0
1770761425,911292636,,0.3400000035762787,0.0,1.8402552604675293,0.0,0.0
1770761425,929567843,,0.3400000035762787,0.0,1.9957764148712158,0.0,0.0
1770761425,950116890,,0.3400000035762787,0.0,2.0993545055389404,0.0,0.0
1770761425,974591406,,0.3400000035762787,0.0,2.3065104484558105,0.0,0.0
1770761426,3696005,,0.3400000035762787,0.0,2.4618773460388184,0.0,0.0
1770761426,34404679,,0.3400000035762787,0.0,2.617398500442505,0.0,0.0
1770761426,56469641,,0.3400000035762787,0.0,2.8763434886932373,0.0,0.0
1770761426,73075204,,0.3400000035762787,0.0,2.9281325340270996,0.0,0.0
1770761426,79742901,,0.3400000035762787,0.0,3.1872315406799316,0.0,0.0
1770761426,127635477,,0.3400000035762787,0.0,3.1872315406799316,0.0,0.0
1770761426,168432418,,0.3400000035762787,0.0,3.239020347595215,0.0,0.0
1770761426,189110266,,0.3400000035762787,0.0,3.4979653358459473,0.0,0.0
1770761426,199095555,,0.3400000035762787,0.0,3.860642433166504,0.0,0.0
1770761426,220943780,,0.3400000035762787,0.0,4.1713762283325195,0.0,0.0
1770761426,241069720,,0.3400000035762787,0.0,4.637631416320801,0.0,0.0
1770761426,251444069,,0.3400000035762787,0.0,4.792998313903809,0.0,0.0
1770761426,265980560,,0.3400000035762787,0.0,5.0,0.0,0.0
1770761426,313408013,,0.3400000035762787,0.0,5.0,0.0,0.0
1770761426,367505307,,0.3400000035762787,0.0,5.0,0.0,0.0
1770761426,415798431,,0.3400000035762787,0.0,5.0,0.0,0.0
1770761426,470544498,,0.3400000035762787,0.0,5.0,0.0,0.0
1770761426,517821422,,0.3400000035762787,0.0,5.0,0.0,0.0
1770761426,559494944,,0.3400000035762787,0.0,4.844787120819092,0.0,0.0
1770761426,571873563,,0.3400000035762787,0.0,4.689420223236084,0.0,0.0
1770761426,589820096,,0.3400000035762787,0.0,0.0,0.0,0.0
1770761426,600528558,,0.3400000035762787,0.0,-0.8559563159942627,0.0,0.0
1770761426,611121052,,0.3400000035762787,0.0,0.0,0.0,0.0
1770761426,662534647,,0.3400000035762787,0.0,0.0,0.0,0.0
1770761426,713346637,,0.3400000035762787,0.0,0.0,0.0,0.0
1770761426,767313306,,0.3400000035762787,0.0,0.0,0.0,0.0
1770761426,815473117,,0.3400000035762787,0.0,0.0,0.0,0.0
1770761426,846482913,,0.0,0.0,0.0,0.0,0.0
1770761426,898398047,,0.0,0.0,0.0,0.0,0.0
1770761426,949044244,,0.0,0.0,0.0,0.0,0.0
1770761427,2018010,,0.0,0.0,0.0,0.0,0.0
1770761427,53255443,,0.0,0.0,0.0,0.0,0.0
1770761427,104407019,,0.0,0.0,0.0,0.0,0.0
1770761427,114281875,,0.0,0.0,0.0,0.0,0.0
1770761427,166231313,,0.0,0.0,0.0,0.0,0.0
1770761427,217000647,,0.0,0.0,0.0,0.0,0.0
1770761427,270723730,,0.0,0.0,0.0,0.0,0.0
1770761427,318551026,,0.0,0.0,0.0,0.0,0.0
1770761427,370542768,,0.0,0.0,0.0,0.0,0.0
1770761427,421096260,,0.0,0.0,0.0,0.0,0.0
1770761427,473191907,,0.0,0.0,0.0,0.0,0.0
1770761427,523206323,,0.0,0.0,0.0,0.0,0.0
1770761427,573980488,,0.0,0.0,0.0,0.0,0.0
1770761427,625246497,,0.0,0.0,0.0,0.0,0.0
1770761427,676595099,,0.0,0.0,0.0,0.0,0.0
1770761427,727428977,,0.0,0.0,0.0,0.0,0.0
1770761427,780470615,,0.0,0.0,0.0,0.0,0.0
1770761427,830575975,,0.0,0.0,0.0,0.0,0.0
1770761427,884467539,,0.0,0.0,0.0,0.0,0.0
1770761427,935276265,,0.0,0.0,0.0,0.0,0.0
1770761427,986089599,,0.0,0.0,0.0,0.0,0.0
1770761428,38023356,,0.0,0.0,0.0,0.0,0.0
1770761428,87890379,,0.0,0.0,0.0,0.0,0.0
1770761428,138879585,,0.0,0.0,0.0,0.0,0.0
1770761428,190254939,,0.0,0.0,0.0,0.0,0.0
1770761428,241410899,,0.0,0.0,0.0,0.0,0.0
1770761428,292463274,,0.0,0.0,0.0,0.0,0.0
1770761428,343156670,,0.0,0.0,0.0,0.0,0.0
1770761428,394191957,,0.0,0.0,0.0,0.0,0.0
1770761428,445207980,,0.0,0.0,0.0,0.0,0.0
1770761428,495983905,,0.0,0.0,0.0,0.0,0.0
1770761428,546899703,,0.0,0.0,0.0,0.0,0.0
1770761428,598342801,,0.0,0.0,0.0,0.0,0.0
1770761428,649458921,,0.0,0.0,0.0,0.0,0.0
1770761428,699964732,,0.0,0.0,0.0,0.0,0.0
1770761428,754790862,,0.0,0.0,0.0,0.0,0.0
1770761428,805952774,,0.0,0.0,0.0,0.0,0.0
1770761428,856648507,,0.0,0.0,0.0,0.0,0.0
1770761428,907579633,,0.0,0.0,0.0,0.0,0.0
1770761428,958745353,,0.0,0.0,0.0,0.0,0.0
1770761429,13935838,,0.0,0.0,0.0,0.0,0.0
1770761429,67246597,,0.0,0.0,0.0,0.0,0.0
1770761429,117920697,,0.0,0.0,0.0,0.0,0.0
1770761429,170587036,,0.0,0.0,0.0,0.0,0.0
1770761429,221561298,,0.0,0.0,0.0,0.0,0.0
1770761429,270860540,,0.0,0.0,0.0,0.0,0.0
1770761429,323497790,,0.0,0.0,0.0,0.0,0.0
1770761429,373135947,,0.0,0.0,0.0,0.0,0.0
1770761429,423770462,,0.0,0.0,0.0,0.0,0.0
1770761429,479243701,,0.0,0.0,0.0,0.0,0.0
1770761429,526887923,,0.0,0.0,0.0,0.0,0.0
1770761429,578240812,,0.0,0.0,0.0,0.0,0.0
1770761429,629043873,,0.0,0.0,0.0,0.0,0.0
1770761429,679653716,,0.0,0.0,0.0,0.0,0.0
1770761429,730643755,,0.0,0.0,0.0,0.0,0.0
1770761429,782371526,,0.0,0.0,0.0,0.0,0.0
1770761429,833869696,,0.0,0.0,0.0,0.0,0.0
1770761429,884718773,,0.0,0.0,0.0,0.0,0.0
1770761429,935104359,,0.0,0.0,0.0,0.0,0.0
1770761429,985994013,,0.0,0.0,0.0,0.0,0.0
1770761430,37012179,,0.0,0.0,0.0,0.0,0.0
1770761430,90194809,,0.0,0.0,0.0,0.0,0.0
1770761430,141173839,,0.0,0.0,0.0,0.0,0.0
1770761430,192018212,,0.0,0.0,0.0,0.0,0.0
1770761430,243268571,,0.0,0.0,0.0,0.0,0.0
1770761430,293939919,,0.0,0.0,0.0,0.0,0.0
1770761430,344690659,,0.0,0.0,0.0,0.0,0.0
1770761430,395689433,,0.0,0.0,0.0,0.0,0.0
1770761430,446744271,,0.0,0.0,0.0,0.0,0.0
1770761430,497722533,,0.0,0.0,0.0,0.0,0.0
1770761430,548446937,,0.0,0.0,0.0,0.0,0.0
1770761367,236946527,,0.0,0.0,0.0,0.0,0.0
1770761367,291212328,,0.0,0.0,0.0,0.0,0.0
1770761367,342420730,,0.0,0.0,0.0,0.0,0.0
1770761367,395394073,,0.0,0.0,0.0,0.0,0.0
1770761367,447337873,,0.0,0.0,0.0,0.0,0.0
1770761367,497670043,,0.0,0.0,0.0,0.0,0.0
1770761367,550725499,,0.0,0.0,0.0,0.0,0.0
1770761367,605809515,,0.0,0.0,0.0,0.0,0.0
1770761367,669229468,,0.0,0.0,0.0,0.0,0.0
1770761367,710519904,,0.0,0.0,0.0,0.0,0.0
1770761367,763433535,,0.0,0.0,0.0,0.0,0.0
1770761367,813408743,,0.0,0.0,0.0,0.0,0.0
1770761367,864139605,,0.0,0.0,0.0,0.0,0.0
1770761367,914725122,,0.0,0.0,0.0,0.0,0.0
1770761367,966344310,,0.0,0.0,0.0,0.0,0.0
1770761368,16470975,,0.0,0.0,0.0,0.0,0.0
1770761368,67368558,,0.0,0.0,0.0,0.0,0.0
1770761368,118981826,,0.0,0.0,0.0,0.0,0.0
1770761368,182186897,,0.0,0.0,0.0,0.0,0.0
1770761368,230253610,,0.0,0.0,0.0,0.0,0.0
1770761368,283587275,,0.0,0.0,0.0,0.0,0.0
1770761368,334718908,,0.0,0.0,0.0,0.0,0.0
1770761368,387371992,,0.0,0.0,0.0,0.0,0.0
1770761368,438887980,,0.0,0.0,0.0,0.0,0.0
1770761368,490037660,,0.0,0.0,0.0,0.0,0.0
1770761368,539982883,,0.0,0.0,0.0,0.0,0.0
1770761368,595135059,,0.0,0.0,0.0,0.0,0.0
1770761368,642386470,,0.0,0.0,0.0,0.0,0.0
1770761368,693371157,,0.0,0.0,0.0,0.0,0.0
1770761368,745017801,,0.0,0.0,0.0,0.0,0.0
1770761368,802005384,,0.0,0.0,0.0,0.0,0.0
1770761368,854309569,,0.0,0.0,0.0,0.0,0.0
1770761368,907356001,,0.0,0.0,0.0,0.0,0.0
1770761368,960718467,,0.0,0.0,0.0,0.0,0.0
1770761369,13412991,,0.0,0.0,0.0,0.0,0.0
1770761369,64483183,,0.0,0.0,0.0,0.0,0.0
1770761369,125969840,,0.0,0.0,0.0,0.0,0.0
1770761369,176509115,,0.0,0.0,0.0,0.0,0.0
1770761369,227514154,,0.0,0.0,0.0,0.0,0.0
1770761369,282106901,,0.0,0.0,0.0,0.0,0.0
1770761369,337303141,,0.0,0.0,0.0,0.0,0.0
1770761369,392285843,,0.0,0.0,0.0,0.0,0.0
1770761369,443523012,,0.0,0.0,0.0,0.0,0.0
1770761369,496069087,,0.0,0.0,0.0,0.0,0.0
1770761369,548097462,,0.0,0.0,0.0,0.0,0.0
1770761369,601943228,,0.0,0.0,0.0,0.0,0.0
1770761369,657850961,,0.0,0.0,0.0,0.0,0.0
1770761369,707798264,,0.0,0.0,0.0,0.0,0.0
1770761369,758217314,,0.0,0.0,0.0,0.0,0.0
1770761369,809494227,,0.0,0.0,0.0,0.0,0.0
1770761369,863364729,,0.0,0.0,0.0,0.0,0.0
1770761369,915709266,,0.0,0.0,0.0,0.0,0.0
1770761369,966592960,,0.0,0.0,0.0,0.0,0.0
1770761370,19097691,,0.0,0.0,0.0,0.0,0.0
1770761370,39724444,,0.0,0.0,0.1826995313167572,0.0,0.0
1770761370,51221462,,0.03707512468099594,0.0,0.3380664885044098,0.0,0.0
1770761370,60354621,,0.040607254952192307,0.0,0.3898554742336273,0.0,0.0
1770761370,69487589,,0.07582376897335052,0.0,0.3898554742336273,0.0,0.0
1770761370,78130056,,0.09344249963760376,0.0,0.3898554742336273,0.0,0.0
1770761370,106266820,,0.1180940568447113,0.0,0.5452224016189575,0.0,0.0
1770761370,109375580,,0.12866950035095215,0.0,0.5452224016189575,0.0,0.0
1770761370,129763996,,0.1533210575580597,0.0,0.6489545106887817,0.0,0.0
1770761370,141019444,,0.17093980312347412,0.0,0.7007434964179993,0.0,0.0
1770761370,153063762,,0.1779831051826477,0.0,0.8561104536056519,0.0,0.0
1770761370,161982647,,0.1815047562122345,0.0,1.0114774703979492,0.0,0.0
1770761370,184110916,,0.19559136033058167,0.0,1.1150553226470947,0.0,0.0
1770761370,204927303,,0.2132100909948349,0.0,1.166844367980957,0.0,0.0
1770761370,224612385,,0.2167317420244217,0.0,1.2705764770507812,0.0,0.0
1770761370,244630205,,0.22377504408359528,0.0,1.425943374633789,0.0,0.0
1770761370,269186237,,0.22377504408359528,0.0,1.4777324199676514,0.0,0.0
1770761370,325911064,,0.22377504408359528,0.0,1.4777324199676514,0.0,0.0
1770761370,342273144,,0.22377504408359528,0.0,1.5813102722167969,0.0,0.0
1770761370,393176742,,0.22377504408359528,0.0,1.5813102722167969,0.0,0.0
1770761370,413179874,,0.22377504408359528,0.0,1.6330993175506592,0.0,0.0
1770761370,464641716,,0.19559136033058167,0.0,1.6330993175506592,0.0,0.0
1770761370,484996340,,0.1779831051826477,0.0,1.6330993175506592,0.0,0.0
1770761370,495162115,,0.17093980312347412,0.0,1.6848883628845215,0.0,0.0
1770761370,515503106,,0.17093980312347412,0.0,1.788466215133667,0.0,0.0
1770761370,536494246,,0.17093980312347412,0.0,1.9957764148712158,0.0,0.0
1770761370,548986280,,0.17093980312347412,0.0,2.0993545055389404,0.0,0.0
1770761370,587800215,,0.17093980312347412,0.0,2.1511433124542236,0.0,0.0
1770761370,642160288,,0.17093980312347412,0.0,2.1511433124542236,0.0,0.0
1770761370,692141382,,0.17093980312347412,0.0,2.1511433124542236,0.0,0.0
1770761370,731067190,,0.17093980312347412,0.0,1.943987488746643,0.0,0.0
1770761370,751950074,,0.16388601064682007,0.0,1.788466215133667,0.0,0.0
1770761370,786701673,,0.14275610446929932,0.0,1.788466215133667,0.0,0.0
1770761370,797708575,,0.13571280241012573,0.0,1.6848883628845215,0.0,0.0
1770761370,811922254,,0.1251373589038849,0.0,1.6848883628845215,0.0,0.0
1770761370,818455393,,0.11105075478553772,0.0,1.4777324199676514,0.0,0.0
1770761370,828222894,,0.10752910375595093,0.0,1.166844367980957,0.0,0.0
1770761370,842964833,,0.08287755399942398,0.0,0.4934334456920624,0.0,0.0
1770761370,854665628,,0.030031822621822357,0.0,0.07912154495716095,0.0,0.0
1770761370,860456745,,0.0,0.0,0.0,0.0,0.0
1770761370,911709690,,0.0,0.0,0.0,0.0,0.0
1770761370,962903658,,0.0,0.0,0.0,0.0,0.0
1770761371,16429964,,0.0,0.0,0.0,0.0,0.0
1770761371,40943531,,0.0,0.0,0.07912154495716095,0.0,0.0
1770761371,67611388,,0.0,0.0,0.23448851704597473,0.0,0.0
1770761371,98569357,,0.005380264949053526,0.0,0.3898554742336273,0.0,0.0
1770761371,108718236,,0.012423567473888397,0.0,0.4934334456920624,0.0,0.0
1770761371,129689216,,0.022988520562648773,0.0,0.6489545106887817,0.0,0.0
1770761371,139658222,,0.030031822621822357,0.0,1.0114774703979492,0.0,0.0
1770761371,150150304,,0.040607254952192307,0.0,1.166844367980957,0.0,0.0
1770761371,162993508,,0.04765055701136589,0.0,1.322365403175354,0.0,0.0
1770761371,176280364,,0.07582376897335052,0.0,1.322365403175354,0.0,0.0
1770761371,188996847,,0.08992084860801697,0.0,1.322365403175354,0.0,0.0
1770761371,229202633,,0.08992084860801697,0.0,1.425943374633789,0.0,0.0
1770761371,246239374,,0.08992084860801697,0.0,1.4777324199676514,0.0,0.0
1770761371,266396779,,0.08992084860801697,0.0,1.6330993175506592,0.0,0.0
1770761371,276509338,,0.08992084860801697,0.0,1.6848883628845215,0.0,0.0
1770761371,331750089,,0.06525881588459015,0.0,1.6848883628845215,0.0,0.0
1770761371,340928977,,0.040607254952192307,0.0,1.6848883628845215,0.0,0.0
1770761371,362410713,,0.012423567473888397,0.0,1.6848883628845215,0.0,0.0
1770761371,373573552,,0.0,0.0,1.6848883628845215,0.0,0.0
1770761371,434278825,,0.0,0.0,1.6848883628845215,0.0,0.0
1770761371,485314904,,0.0,0.0,1.6848883628845215,0.0,0.0
1770761371,536596392,,0.0,0.0,1.6848883628845215,0.0,0.0
1770761371,579288469,,-0.05116172507405281,0.0,1.6848883628845215,0.0,0.0
1770761371,590658926,,-0.0863887220621109,0.0,1.6848883628845215,0.0,0.0
1770761371,601383906,,-0.1603538691997528,0.0,1.6848883628845215,0.0,0.0
1770761371,613485824,,-0.21672126650810242,0.0,1.6848883628845215,0.0,0.0
1770761371,625517726,,-0.25193777680397034,0.0,1.6848883628845215,0.0,0.0
1770761371,636188657,,-0.2695564925670624,0.0,1.6848883628845215,0.0,0.0
1770761371,648822644,,-0.28716474771499634,0.0,1.6848883628845215,0.0,0.0
1770761371,666038746,,-0.30830514430999756,0.0,1.6848883628845215,0.0,0.0
1770761371,675740646,,-0.3223917484283447,0.0,1.6848883628845215,0.0,0.0
1770761371,687006078,,-0.3400000035762787,0.0,1.6848883628845215,0.0,0.0
1770761371,741624968,,-0.3400000035762787,0.0,1.788466215133667,0.0,0.0
1770761371,765733029,,-0.3400000035762787,0.0,1.8402552604675293,0.0,0.0
1770761371,814413984,,-0.3400000035762787,0.0,1.8402552604675293,0.0,0.0
1770761371,866260469,,-0.3400000035762787,0.0,1.8402552604675293,0.0,0.0
1770761371,918161194,,-0.3400000035762787,0.0,1.8402552604675293,0.0,0.0
1770761371,970187104,,-0.0863887220621109,0.0,1.8402552604675293,0.0,0.0
1770761371,983629257,,0.0,0.0,1.8402552604675293,0.0,0.0
1770761372,32297893,,0.0,0.0,1.8402552604675293,0.0,0.0
1770761372,72169660,,0.040607254952192307,0.0,2.0993545055389404,0.0,0.0
1770761372,82968144,,0.2132100909948349,0.0,2.2547214031219482,0.0,0.0
1770761372,93266944,,0.30127230286598206,0.0,2.410088300704956,0.0,0.0
1770761372,111812113,,0.3400000035762787,0.0,2.5656094551086426,0.0,0.0
1770761372,122338947,,0.3400000035762787,0.0,3.3943872451782227,0.0,0.0
1770761372,133131735,,0.3400000035762787,0.0,3.7051212787628174,0.0,0.0
1770761372,147379878,,0.3400000035762787,0.0,4.534053325653076,0.0,0.0
1770761372,163184033,,0.3400000035762787,0.0,4.948365211486816,0.0,0.0
1770761372,174514074,,0.3400000035762787,0.0,5.0,0.0,0.0
1770761372,226810417,,0.3400000035762787,0.0,5.0,0.0,0.0
1770761372,278902471,,0.3400000035762787,0.0,5.0,0.0,0.0
1770761372,336456712,,0.3400000035762787,0.0,5.0,0.0,0.0
1770761372,384519199,,0.3400000035762787,0.0,5.0,0.0,0.0
1770761372,435782190,,0.3400000035762787,0.0,5.0,0.0,0.0
1770761372,491201247,,0.3400000035762787,0.0,5.0,0.0,0.0
1770761372,521007175,,0.3400000035762787,0.0,4.689420223236084,0.0,0.0
1770761372,548819712,,0.3400000035762787,0.0,3.653332233428955,0.0,0.0
1770761372,559777237,,0.3400000035762787,0.0,3.3425984382629395,0.0,0.0
1770761372,585929153,,0.3400000035762787,0.0,0.0,0.0,0.0
1770761372,610522241,,0.24842660129070282,0.0,0.0,0.0,0.0
1770761372,628772431,,0.0,0.0,0.0,0.0,0.0
1770761372,687783483,,0.0,0.0,0.0,0.0,0.0
1770761372,731932947,,0.0,0.0,0.0,0.0,0.0
1770761372,782268380,,0.0,0.0,0.0,0.0,0.0
1770761372,833200841,,0.0,0.0,0.0,0.0,0.0
1770761372,874107400,,-0.0863887220621109,0.0,0.0,0.0,0.0
1770761372,885224702,,-0.223764568567276,0.0,0.0,0.0,0.0
1770761372,898200196,,-0.2977401912212372,0.0,0.0,0.0,0.0
1770761372,908118481,,-0.3400000035762787,0.0,0.0,0.0,0.0
1770761372,959066782,,-0.3400000035762787,0.0,0.0,0.0,0.0
1770761373,11145012,,-0.3400000035762787,0.0,0.0,0.0,0.0
1770761373,56243923,,-0.258991539478302,0.0,0.0,0.0,0.0
1770761373,67896302,,-0.08991037309169769,0.0,0.0,0.0,0.0
1770761373,76771091,,0.0,0.0,0.0,0.0,0.0
1770761373,129886961,,0.06525881588459015,0.0,0.0,0.0,0.0
1770761373,139669085,,0.13571280241012573,0.0,0.0,0.0,0.0
1770761373,151376696,,0.2132100909948349,0.0,0.0,0.0,0.0
1770761373,161959691,,0.26956698298454285,0.0,0.0,0.0,0.0
1770761373,183355697,,0.318880558013916,0.0,0.0,0.0,0.0
1770761373,193737698,,0.33648881316185,0.0,0.0,0.0,0.0
1770761373,203617967,,0.3400000035762787,0.0,0.0,0.0,0.0
1770761373,250605437,,0.3400000035762787,0.0,0.23448851704597473,0.0,0.0
1770761373,269710674,,0.3400000035762787,0.0,0.3898554742336273,0.0,0.0
1770761373,300508321,,0.3400000035762787,0.0,0.4934334456920624,0.0,0.0
1770761373,320783903,,0.3400000035762787,0.0,0.5452224016189575,0.0,0.0
1770761373,342053221,,0.3400000035762787,0.0,0.6489545106887817,0.0,0.0
1770761373,362568677,,0.3400000035762787,0.0,1.0114774703979492,0.0,0.0
1770761373,383068900,,0.3400000035762787,0.0,1.166844367980957,0.0,0.0
1770761373,413722771,,0.3400000035762787,0.0,1.2705764770507812,0.0,0.0
1770761373,464382910,,0.3400000035762787,0.0,1.2705764770507812,0.0,0.0
1770761373,485414465,,0.3400000035762787,0.0,1.322365403175354,0.0,0.0
1770761373,527038341,,0.3400000035762787,0.0,1.425943374633789,0.0,0.0
1770761373,589167049,,0.3400000035762787,0.0,1.425943374633789,0.0,0.0
1770761373,610105772,,0.30479395389556885,0.0,1.425943374633789,0.0,0.0
1770761373,634708972,,0.23433999717235565,0.0,1.425943374633789,0.0,0.0
1770761373,664127377,,0.16388601064682007,0.0,1.425943374633789,0.0,0.0
1770761373,672553619,,0.0,0.0,1.425943374633789,0.0,0.0
1770761373,728226020,,0.0,0.0,1.4777324199676514,0.0,0.0
1770761373,769320804,,0.0,0.0,1.5813102722167969,0.0,0.0
1770761373,789937861,,0.005380264949053526,0.0,1.6330993175506592,0.0,0.0
1770761373,800770041,,0.10048580169677734,0.0,1.6330993175506592,0.0,0.0
1770761373,810404036,,0.1779831051826477,0.0,1.6330993175506592,0.0,0.0
1770761373,820721684,,0.24842660129070282,0.0,1.6330993175506592,0.0,0.0
1770761373,833338487,,0.2942185401916504,0.0,1.6330993175506592,0.0,0.0
1770761373,844239212,,0.3400000035762787,0.0,1.6848883628845215,0.0,0.0
1770761373,880105251,,0.3400000035762787,0.0,1.788466215133667,0.0,0.0
1770761373,925885223,,0.3400000035762787,0.0,1.788466215133667,0.0,0.0
1770761373,946912555,,0.3400000035762787,0.0,1.9957764148712158,0.0,0.0
1770761373,967881454,,0.3400000035762787,0.0,2.0993545055389404,0.0,0.0
1770761374,19005180,,0.3400000035762787,0.0,1.4777324199676514,0.0,0.0
1770761374,41266314,,0.3400000035762787,0.0,1.322365403175354,0.0,0.0
1770761374,74047369,,0.3400000035762787,0.0,1.2705764770507812,0.0,0.0
1770761374,118438466,,0.3400000035762787,0.0,1.1150553226470947,0.0,0.0
1770761374,131181061,,0.3400000035762787,0.0,0.8561104536056519,0.0,0.0
1770761374,134070683,,0.3400000035762787,0.0,0.4934334456920624,0.0,0.0
1770761374,143977353,,0.3400000035762787,0.0,0.23448851704597473,0.0,0.0
1770761374,173073835,,0.3400000035762787,0.0,0.0,0.0,0.0
1770761374,227936758,,0.3400000035762787,0.0,0.0,0.0,0.0
1770761374,279353030,,0.3400000035762787,0.0,0.0,0.0,0.0
1770761374,351067251,,0.3400000035762787,0.0,0.0,0.0,0.0
1770761374,362539885,,0.3400000035762787,0.0,0.0,0.0,0.0
1770761374,376787067,,0.3400000035762787,0.0,0.0,0.0,0.0
1770761374,385233085,,0.3400000035762787,0.0,0.0,0.0,0.0
1770761374,395555789,,0.3400000035762787,0.0,0.0,0.0,0.0
1770761374,413302039,,0.1533210575580597,0.0,0.0,0.0,0.0
1770761374,418632353,,0.10752910375595093,0.0,0.0,0.0,0.0
1770761374,429508726,,0.0,0.0,0.0,0.0,0.0
1770761374,504999905,,-0.06172667816281319,0.0,0.0,0.0,0.0
1770761374,515022767,,-0.07581328600645065,0.0,0.0,0.0,0.0
1770761374,527366895,,-0.10047532618045807,0.0,0.0,0.0,0.0
1770761374,546121185,,0.0,0.0,0.0,0.0,0.0
1770761374,604760521,,0.0,0.0,0.0,0.0,0.0
1770761374,630896468,,-0.03354299068450928,0.0,0.0,0.0,0.0
1770761374,646050666,,-0.08991037309169769,0.0,0.0,0.0,0.0
1770761374,658501803,,-0.14274561405181885,0.0,0.0,0.0,0.0
1770761374,665230111,,-0.223764568567276,0.0,0.0,0.0,0.0
1770761374,675424334,,-0.24137282371520996,0.0,0.0,0.0,0.0
1770761374,686183010,,-0.27659979462623596,0.0,0.0,0.0,0.0
1770761374,696535507,,-0.2977401912212372,0.0,0.0,0.0,0.0
1770761374,706611713,,-0.3329567015171051,0.0,0.0,0.0,0.0
1770761374,720030825,,-0.3400000035762787,0.0,0.0,0.0,0.0
1770761374,768481858,,-0.3400000035762787,0.0,0.0,0.0,0.0
1770761374,832423252,,-0.3400000035762787,0.0,-0.23433437943458557,0.0,0.0
1770761374,850156285,,-0.3400000035762787,0.0,-0.4414902925491333,0.0,0.0
1770761374,862829184,,-0.3400000035762787,0.0,-0.8559563159942627,0.0,0.0
1770761374,868505324,,-0.3400000035762787,0.0,-1.1149011850357056,0.0,0.0
1770761374,881223151,,-0.3400000035762787,0.0,-1.4257893562316895,0.0,0.0
1770761374,887942371,,-0.3400000035762787,0.0,-1.5811562538146973,0.0,0.0
1770761374,898840632,,-0.3400000035762787,0.0,-1.7883121967315674,0.0,0.0
1770761374,916067198,,-0.3400000035762787,0.0,-1.9438332319259644,0.0,0.0
1770761374,930991634,,-0.3400000035762787,0.0,-2.0992002487182617,0.0,0.0
1770761374,943252626,,-0.3400000035762787,0.0,-2.0992002487182617,0.0,0.0
1770761374,994827875,,-0.3400000035762787,0.0,-2.0992002487182617,0.0,0.0
1770761375,45395564,,-0.3400000035762787,0.0,-2.0992002487182617,0.0,0.0
1770761375,100441399,,-0.3400000035762787,0.0,-2.0992002487182617,0.0,0.0
1770761375,161570162,,-0.3400000035762787,0.0,-2.0992002487182617,0.0,0.0
1770761375,203731322,,-0.3400000035762787,0.0,-1.7883121967315674,0.0,0.0
1770761375,214302828,,-0.3400000035762787,0.0,-1.6847342252731323,0.0,0.0
1770761375,234751147,,-0.3400000035762787,0.0,-1.529367208480835,0.0,0.0
1770761375,245118811,,-0.3400000035762787,0.0,-1.3740003108978271,0.0,0.0
1770761375,270599361,,-0.3400000035762787,0.0,-0.9595342874526978,0.0,0.0
1770761375,276256493,,-0.3400000035762787,0.0,-0.38970130681991577,0.0,0.0
1770761375,286869504,,-0.18853755295276642,0.0,0.0,0.0,0.0
1770761375,309186701,,0.0,0.0,0.0,0.0,0.0
1770761375,370637163,,0.10752910375595093,0.0,0.0,0.0,0.0
1770761375,387509102,,0.19559136033058167,0.0,0.0,0.0,0.0
1770761375,394952328,,0.24842660129070282,0.0,0.0,0.0,0.0
1770761375,408655122,,0.3400000035762787,0.0,0.0,0.0,0.0
1770761375,456182307,,0.3400000035762787,0.0,0.0,0.0,0.0
1770761375,517880035,,0.3400000035762787,0.0,0.07912154495716095,0.0,0.0
1770761375,538026911,,0.3400000035762787,0.0,0.23448851704597473,0.0,0.0
1770761375,559909065,,0.3400000035762787,0.0,0.3898554742336273,0.0,0.0
1770761375,593854609,,0.3400000035762787,0.0,0.4934334456920624,0.0,0.0
1770761375,631662103,,0.3400000035762787,0.0,0.5452224016189575,0.0,0.0
1770761375,685615674,,0.3400000035762787,0.0,0.5452224016189575,0.0,0.0
1770761375,737669262,,0.3400000035762787,0.0,0.5452224016189575,0.0,0.0
1770761375,838909761,,0.3400000035762787,0.0,0.7007434964179993,0.0,0.0
1770761375,849132528,,0.3400000035762787,0.0,0.8561104536056519,0.0,0.0
1770761375,869621744,,0.3400000035762787,0.0,1.0114774703979492,0.0,0.0
1770761375,890049838,,0.3400000035762787,0.0,1.166844367980957,0.0,0.0
1770761375,911530677,,0.3400000035762787,0.0,1.2705764770507812,0.0,0.0
1770761375,965081717,,0.3400000035762787,0.0,1.2705764770507812,0.0,0.0
1770761376,16367364,,0.3400000035762787,0.0,1.2705764770507812,0.0,0.0
1770761376,81775967,,0.3400000035762787,0.0,1.0114774703979492,0.0,0.0
1770761376,124455466,,0.3400000035762787,0.0,0.9596884250640869,0.0,0.0
1770761376,146848088,,0.3400000035762787,0.0,0.8561104536056519,0.0,0.0
1770761376,172358718,,0.3400000035762787,0.0,0.8043214678764343,0.0,0.0
1770761376,219134313,,0.3400000035762787,0.0,0.7007434964179993,0.0,0.0
1770761376,271988899,,0.3400000035762787,0.0,0.7007434964179993,0.0,0.0
1770761376,323117616,,0.3400000035762787,0.0,0.7007434964179993,0.0,0.0
1770761376,374349886,,0.3400000035762787,0.0,0.7007434964179993,0.0,0.0
1770761376,426035919,,0.3400000035762787,0.0,0.7007434964179993,0.0,0.0
1770761376,476709400,,0.3400000035762787,0.0,0.7007434964179993,0.0,0.0
1770761376,527815589,,0.3400000035762787,0.0,0.7007434964179993,0.0,0.0
1770761376,588925439,,0.0,0.0,0.7007434964179993,0.0,0.0
1770761376,629731932,,0.0,0.0,0.6489545106887817,0.0,0.0
1770761376,682208179,,0.0,0.0,0.6489545106887817,0.0,0.0
1770761376,733339552,,0.0,0.0,0.6489545106887817,0.0,0.0
1770761376,785466100,,0.0,0.0,0.6489545106887817,0.0,0.0
1770761376,806360183,,0.0,0.0,0.9596884250640869,0.0,0.0
1770761376,855970136,,0.0,0.0,0.9596884250640869,0.0,0.0
1770761376,887466828,,0.0,0.0,1.2705764770507812,0.0,0.0
1770761376,938961148,,0.0,0.0,1.2705764770507812,0.0,0.0
1770761376,958383154,,0.0,0.0,1.322365403175354,0.0,0.0
1770761377,9755713,,0.0,0.0,1.322365403175354,0.0,0.0
1770761377,60337961,,0.0,0.0,1.322365403175354,0.0,0.0
1770761377,111279604,,0.0,0.0,1.322365403175354,0.0,0.0
1770761377,164710962,,0.0,0.0,1.322365403175354,0.0,0.0
1770761377,214460916,,0.0,0.0,1.322365403175354,0.0,0.0
1770761377,265530464,,0.0,0.0,1.322365403175354,0.0,0.0
1770761377,317698292,,0.0,0.0,1.322365403175354,0.0,0.0
1770761377,369524710,,0.0,0.0,1.322365403175354,0.0,0.0
1770761377,398724232,,0.0,0.0,1.0114774703979492,0.0,0.0
1770761377,450443193,,0.0,0.0,1.0114774703979492,0.0,0.0
1770761377,501378948,,0.0,0.0,0.9596884250640869,0.0,0.0
1770761377,532050610,,-0.01945638842880726,0.0,0.9596884250640869,0.0,0.0
1770761377,542204897,,-0.026499688625335693,0.0,0.9596884250640869,0.0,0.0
1770761377,564223563,,-0.03354299068450928,0.0,0.9596884250640869,0.0,0.0
1770761377,624415358,,-0.04411842301487923,0.0,0.9596884250640869,0.0,0.0
1770761377,634395211,,-0.06172667816281319,0.0,0.9596884250640869,0.0,0.0
1770761377,655061163,,-0.06876998394727707,0.0,0.9596884250640869,0.0,0.0
1770761377,665366299,,-0.09695367515087128,0.0,0.9596884250640869,0.0,0.0
1770761377,675566858,,-0.11104027926921844,0.0,0.9596884250640869,0.0,0.0
1770761377,687295013,,-0.13218066096305847,0.0,0.9596884250640869,0.0,0.0
1770761377,696552845,,-0.14626726508140564,0.0,0.9596884250640869,0.0,0.0
1770761377,717670001,,-0.1673971712589264,0.0,0.9596884250640869,0.0,0.0
1770761377,739331321,,-0.2026241570711136,0.0,0.9596884250640869,0.0,0.0
1770761377,749665097,,-0.21319961547851562,0.0,0.9596884250640869,0.0,0.0
1770761377,759854424,,-0.223764568567276,0.0,0.9596884250640869,0.0,0.0
1770761377,811670665,,-0.223764568567276,0.0,0.9596884250640869,0.0,0.0
1770761377,861706637,,-0.223764568567276,0.0,0.9596884250640869,0.0,0.0
1770761377,912396118,,-0.223764568567276,0.0,0.9596884250640869,0.0,0.0
1770761377,953090322,,-0.2272862195968628,0.0,0.9596884250640869,0.0,0.0
1770761378,4117661,,-0.2272862195968628,0.0,0.9596884250640869,0.0,0.0
1770761378,34651050,,-0.23785117268562317,0.0,0.9596884250640869,0.0,0.0
1770761378,55948335,,-0.24841612577438354,0.0,0.9596884250640869,0.0,0.0
1770761378,66206462,,-0.258991539478302,0.0,0.9596884250640869,0.0,0.0
1770761378,118717077,,-0.258991539478302,0.0,0.9596884250640869,0.0,0.0
1770761378,160391287,,-0.2625131905078888,0.0,0.9596884250640869,0.0,0.0
1770761378,222497688,,-0.2695564925670624,0.0,0.9596884250640869,0.0,0.0
1770761378,274205449,,-0.223764568567276,0.0,0.9596884250640869,0.0,0.0
1770761378,284318487,,-0.20614580810070038,0.0,0.9596884250640869,0.0,0.0
1770761378,294656711,,-0.1603538691997528,0.0,0.9596884250640869,0.0,0.0
1770761378,305206169,,-0.14274561405181885,0.0,0.9596884250640869,0.0,0.0
1770761378,315921004,,-0.13218066096305847,0.0,0.9596884250640869,0.0,0.0
1770761378,325890521,,-0.10047532618045807,0.0,0.9596884250640869,0.0,0.0
1770761378,336275849,,0.0,0.0,0.9596884250640869,0.0,0.0
1770761378,387684087,,0.0,0.0,0.9596884250640869,0.0,0.0
1770761378,438487329,,0.0,0.0,0.9596884250640869,0.0,0.0
1770761378,489249002,,0.0,0.0,0.9596884250640869,0.0,0.0
1770761378,539969970,,0.0,0.0,0.9596884250640869,0.0,0.0
1770761378,593143406,,0.0,0.0,0.9596884250640869,0.0,0.0
1770761378,643782646,,0.0,0.0,0.9596884250640869,0.0,0.0
1770761378,694718177,,0.0,0.0,0.9596884250640869,0.0,0.0
1770761378,745624075,,0.0,0.0,0.9596884250640869,0.0,0.0
1770761378,796758423,,0.0,0.0,0.9596884250640869,0.0,0.0
1770761378,847567072,,0.0,0.0,0.9596884250640869,0.0,0.0
1770761378,898719724,,0.0,0.0,0.9596884250640869,0.0,0.0
1770761378,949576118,,0.0,0.0,0.9596884250640869,0.0,0.0
1770761379,1466536,,0.0,0.0,0.9596884250640869,0.0,0.0
1770761379,42160835,,0.0,0.0,1.166844367980957,0.0,0.0
1770761379,64167085,,0.04765055701136589,0.0,1.2705764770507812,0.0,0.0
1770761379,73410676,,0.12866950035095215,0.0,1.2705764770507812,0.0,0.0
1770761379,83693892,,0.18854805827140808,0.0,1.2705764770507812,0.0,0.0
1770761379,94475735,,0.24842660129070282,0.0,1.322365403175354,0.0,0.0
1770761379,105024937,,0.3400000035762787,0.0,1.425943374633789,0.0,0.0
1770761379,118432657,,0.3400000035762787,0.0,1.4777324199676514,0.0,0.0
1770761379,130576719,,0.3400000035762787,0.0,1.6330993175506592,0.0,0.0
1770761379,137749990,,0.3400000035762787,0.0,1.8402552604675293,0.0,0.0
1770761379,146893901,,0.3400000035762787,0.0,2.0993545055389404,0.0,0.0
1770761379,160038770,,0.3400000035762787,0.0,2.2547214031219482,0.0,0.0
1770761379,181238806,,0.3400000035762787,0.0,2.617398500442505,0.0,0.0
1770761379,191592390,,0.3400000035762787,0.0,2.8763434886932373,0.0,0.0
1770761379,202287385,,0.3400000035762787,0.0,3.1872315406799316,0.0,0.0
1770761379,212156870,,0.3400000035762787,0.0,3.4979653358459473,0.0,0.0
1770761379,223553886,,0.3400000035762787,0.0,4.119587421417236,0.0,0.0
1770761379,233759885,,0.3400000035762787,0.0,4.792998313903809,0.0,0.0
1770761379,244292286,,0.3400000035762787,0.0,5.0,0.0,0.0
1770761379,294662884,,0.3400000035762787,0.0,5.0,0.0,0.0
1770761379,345717135,,0.3400000035762787,0.0,5.0,0.0,0.0
1770761379,397523999,,0.3400000035762787,0.0,5.0,0.0,0.0
1770761379,447871877,,0.3400000035762787,0.0,5.0,0.0,0.0
1770761379,498852271,,0.3400000035762787,0.0,5.0,0.0,0.0
1770761379,549640728,,0.3400000035762787,0.0,5.0,0.0,0.0
1770761379,600555426,,0.3400000035762787,0.0,5.0,0.0,0.0
1770761379,641513086,,0.3400000035762787,0.0,0.0,0.0,0.0
1770761379,651878959,,0.3400000035762787,0.0,0.0,0.0,0.0
1770761379,663607081,,0.3400000035762787,0.0,0.0,0.0,0.0
1770761379,674124379,,0.23081834614276886,0.0,0.0,0.0,0.0
1770761379,684150568,,0.0,0.0,0.0,0.0,0.0
1770761379,694408824,,0.0,0.0,0.0,0.0,0.0
1770761379,745859301,,0.0,0.0,0.0,0.0,0.0
1770761379,797699446,,0.0,0.0,0.0,0.0,0.0
1770761379,820443494,,-0.14626726508140564,0.0,0.0,0.0,0.0
1770761379,840184959,,-0.2625131905078888,0.0,0.0,0.0,0.0
1770761379,850640144,,-0.3400000035762787,0.0,0.0,0.0,0.0
1770761379,902217183,,-0.3400000035762787,0.0,0.0,0.0,0.0
1770761379,953119305,,-0.3400000035762787,0.0,0.0,0.0,0.0
1770761379,973653159,,-0.12160523235797882,0.0,0.0,0.0,0.0
1770761379,985020479,,0.04765055701136589,0.0,0.0,0.0,0.0
1770761379,995158958,,0.0,0.0,0.0,0.0,0.0
1770761380,45982550,,0.0,0.0,0.0,0.0,0.0
1770761380,97047649,,0.0,0.0,0.0,0.0,0.0
1770761380,147817961,,0.0,0.0,0.0,0.0,0.0
1770761380,179125467,,0.08992084860801697,0.0,0.0,0.0,0.0
1770761380,189435755,,0.1815047562122345,0.0,0.0,0.0,0.0
1770761380,200251518,,0.2167317420244217,0.0,0.0,0.0,0.0
1770761380,209981321,,0.30479395389556885,0.0,0.0,0.0,0.0
1770761380,232420055,,0.3400000035762787,0.0,0.0,0.0,0.0
1770761380,282267832,,0.3400000035762787,0.0,0.0,0.0,0.0
1770761380,333475332,,0.3400000035762787,0.0,0.0,0.0,0.0
1770761380,384288460,,0.3400000035762787,0.0,0.0,0.0,0.0
1770761380,435291798,,0.3400000035762787,0.0,0.0,0.0,0.0
1770761380,476082577,,0.0,0.0,0.4934334456920624,0.0,0.0
1770761380,518809115,,0.0,0.0,1.1150553226470947,0.0,0.0
1770761380,547818844,,0.0,0.0,1.2705764770507812,0.0,0.0
1770761380,588470934,,0.0,0.0,1.322365403175354,0.0,0.0
1770761380,609262550,,-0.030021339654922485,0.0,1.425943374633789,0.0,0.0
1770761380,619839144,,-0.07933493703603745,0.0,1.425943374633789,0.0,0.0
1770761380,622575325,,-0.11456193029880524,0.0,1.425943374633789,0.0,0.0
1770761380,642050356,,-0.17092929780483246,0.0,1.425943374633789,0.0,0.0
1770761380,651374012,,-0.21672126650810242,0.0,1.425943374633789,0.0,0.0
1770761380,661778188,,-0.24137282371520996,0.0,1.425943374633789,0.0,0.0
1770761380,672064699,,-0.2625131905078888,0.0,1.425943374633789,0.0,0.0
1770761380,682352011,,-0.28364309668540955,0.0,1.425943374633789,0.0,0.0
1770761380,694567465,,-0.30830514430999756,0.0,1.425943374633789,0.0,0.0
1770761380,714587332,,-0.31887009739875793,0.0,1.4777324199676514,0.0,0.0
1770761380,754683482,,-0.2977401912212372,0.0,1.4777324199676514,0.0,0.0
1770761380,765067050,,-0.28364309668540955,0.0,1.4777324199676514,0.0,0.0
1770761380,775329241,,-0.27307814359664917,0.0,1.4777324199676514,0.0,0.0
1770761380,786993523,,-0.2625131905078888,0.0,1.4777324199676514,0.0,0.0
1770761380,795987129,,-0.24841612577438354,0.0,1.4777324199676514,0.0,0.0
1770761380,820331573,,0.0,0.0,1.4777324199676514,0.0,0.0
1770761380,867917669,,0.0,0.0,1.4777324199676514,0.0,0.0
1770761380,920299193,,0.0,0.0,1.4777324199676514,0.0,0.0
1770761380,939354796,,0.0,0.0,1.166844367980957,0.0,0.0
1770761380,970131194,,0.0,0.0,1.1150553226470947,0.0,0.0
1770761381,11299512,,0.08287755399942398,0.0,1.1150553226470947,0.0,0.0
1770761381,31988376,,0.1462777554988861,0.0,1.1150553226470947,0.0,0.0
1770761381,42781483,,0.22377504408359528,0.0,1.1150553226470947,0.0,0.0
1770761381,52979450,,0.30127230286598206,0.0,1.1150553226470947,0.0,0.0
1770761381,63306282,,0.3400000035762787,0.0,1.1150553226470947,0.0,0.0
1770761381,87204546,,0.3400000035762787,0.0,1.0114774703979492,0.0,0.0
1770761381,120561827,,0.3400000035762787,0.0,1.425943374633789,0.0,0.0
1770761381,136684032,,0.3400000035762787,0.0,1.5813102722167969,0.0,0.0
1770761381,160318166,,0.3400000035762787,0.0,1.8402552604675293,0.0,0.0
1770761381,178575779,,0.3400000035762787,0.0,1.9957764148712158,0.0,0.0
1770761381,229887567,,0.3400000035762787,0.0,2.2547214031219482,0.0,0.0
1770761381,250434222,,0.3400000035762787,0.0,2.5656094551086426,0.0,0.0
1770761381,261302658,,0.3400000035762787,0.0,3.0834994316101074,0.0,0.0
1770761381,271296143,,0.3400000035762787,0.0,3.8088533878326416,0.0,0.0
1770761381,281660735,,0.3400000035762787,0.0,4.637631416320801,0.0,0.0
1770761381,292184528,,0.3400000035762787,0.0,4.792998313903809,0.0,0.0
1770761381,302196957,,0.3400000035762787,0.0,5.0,0.0,0.0
1770761381,354013421,,0.3400000035762787,0.0,5.0,0.0,0.0
1770761381,405444346,,0.3400000035762787,0.0,5.0,0.0,0.0
1770761381,455598845,,0.3400000035762787,0.0,5.0,0.0,0.0
1770761381,506067042,,0.3400000035762787,0.0,5.0,0.0,0.0
1770761381,568456132,,0.3400000035762787,0.0,5.0,0.0,0.0
1770761381,619536558,,0.3400000035762787,0.0,5.0,0.0,0.0
1770761381,670175765,,0.3400000035762787,0.0,5.0,0.0,0.0
1770761381,721346336,,0.3400000035762787,0.0,5.0,0.0,0.0
1770761381,782113813,,0.3400000035762787,0.0,4.792998313903809,0.0,0.0
1770761381,792820615,,0.3400000035762787,0.0,4.534053325653076,0.0,0.0
1770761381,803223928,,0.3400000035762787,0.0,1.788466215133667,0.0,0.0
1770761381,814756721,,0.3400000035762787,0.0,0.0,0.0,0.0
1770761381,825015136,,0.3400000035762787,0.0,0.0,0.0,0.0
1770761381,875639462,,0.3400000035762787,0.0,0.0,0.0,0.0
1770761381,926529231,,0.3400000035762787,0.0,0.0,0.0,0.0
1770761381,977657562,,0.3400000035762787,0.0,0.0,0.0,0.0
1770761382,28575395,,0.3400000035762787,0.0,0.0,0.0,0.0
1770761382,79233545,,0.3400000035762787,0.0,0.0,0.0,0.0
1770761382,130022161,,0.3400000035762787,0.0,0.0,0.0,0.0
1770761382,181745567,,0.3400000035762787,0.0,0.0,0.0,0.0
1770761382,231827329,,0.3400000035762787,0.0,0.0,0.0,0.0
1770761382,282784650,,0.3400000035762787,0.0,0.0,0.0,0.0
1770761382,333624818,,0.3400000035762787,0.0,0.0,0.0,0.0
1770761382,384482426,,0.3400000035762787,0.0,0.0,0.0,0.0
1770761382,435377282,,0.3400000035762787,0.0,0.0,0.0,0.0
1770761382,486521069,,0.3400000035762787,0.0,0.0,0.0,0.0
1770761382,538032762,,0.3400000035762787,0.0,0.0,0.0,0.0
1770761382,592514622,,0.3400000035762787,0.0,0.0,0.0,0.0
1770761382,639285574,,0.3400000035762787,0.0,0.0,0.0,0.0
1770761382,689814188,,0.3400000035762787,0.0,0.0,0.0,0.0
1770761382,740524883,,0.3400000035762787,0.0,0.0,0.0,0.0
1770761382,791959903,,0.3400000035762787,0.0,0.0,0.0,0.0
1770761382,842840839,,0.3400000035762787,0.0,0.0,0.0,0.0
1770761382,893625135,,0.3400000035762787,0.0,0.0,0.0,0.0
1770761382,925086529,,0.28365358710289,0.0,0.0,0.0,0.0
1770761382,935514034,,0.23433999717235565,0.0,0.0,0.0,0.0
1770761382,946212484,,0.07230211794376373,0.0,0.23448851704597473,0.0,0.0
1770761382,957952319,,0.0,0.0,0.5452224016189575,0.0,0.0
1770761382,977699415,,0.0,0.0,1.1150553226470947,0.0,0.0
1770761382,998140052,,0.0,0.0,1.2705764770507812,0.0,0.0
1770761383,18572562,,0.0,0.0,1.322365403175354,0.0,0.0
1770761383,58970185,,0.0,0.0,0.8561104536056519,0.0,0.0
1770761383,89746550,,0.0,0.0,0.8043214678764343,0.0,0.0
1770761383,110126323,,0.0,0.0,1.2705764770507812,0.0,0.0
1770761383,140446492,,0.0,0.0,1.322365403175354,0.0,0.0
1770761383,171893070,,0.058215510100126266,0.0,1.4777324199676514,0.0,0.0
1770761383,182029756,,0.09344249963760376,0.0,1.5813102722167969,0.0,0.0
1770761383,192764431,,0.12866950035095215,0.0,1.6848883628845215,0.0,0.0
1770761383,203446593,,0.16388601064682007,0.0,1.6848883628845215,0.0,0.0
1770761383,215000794,,0.1779831051826477,0.0,1.8402552604675293,0.0,0.0
1770761383,224561060,,0.19911301136016846,0.0,1.8402552604675293,0.0,0.0
1770761383,234795795,,0.22377504408359528,0.0,1.8402552604675293,0.0,0.0
1770761383,245309572,,0.24138329923152924,0.0,1.6330993175506592,0.0,0.0
1770761383,256008022,,0.24842660129070282,0.0,1.5813102722167969,0.0,0.0
1770761383,267354893,,0.28365358710289,0.0,1.425943374633789,0.0,0.0
1770761383,278748005,,0.30127230286598206,0.0,1.322365403175354,0.0,0.0
1770761383,289009460,,0.30479395389556885,0.0,1.2705764770507812,0.0,0.0
1770761383,299503461,,0.318880558013916,0.0,1.2705764770507812,0.0,0.0
1770761383,309663539,,0.318880558013916,0.0,1.2705764770507812,0.0,0.0
1770761383,330695477,,0.318880558013916,0.0,1.2705764770507812,0.0,0.0
1770761383,363132687,,0.318880558013916,0.0,1.1150553226470947,0.0,0.0
1770761383,373305213,,0.318880558013916,0.0,1.1150553226470947,0.0,0.0
1770761383,392166318,,0.318880558013916,0.0,0.9596884250640869,0.0,0.0
1770761383,425896306,,0.28365358710289,0.0,0.9596884250640869,0.0,0.0
1770761383,433466637,,0.26604533195495605,0.0,0.9596884250640869,0.0,0.0
1770761383,443724315,,0.26604533195495605,0.0,0.8561104536056519,0.0,0.0
1770761383,454385582,,0.24842660129070282,0.0,0.8043214678764343,0.0,0.0
1770761383,465609764,,0.24842660129070282,0.0,0.7007434964179993,0.0,0.0
1770761383,476389527,,0.24138329923152924,0.0,0.6489545106887817,0.0,0.0
1770761383,486650022,,0.23433999717235565,0.0,0.6489545106887817,0.0,0.0
1770761383,507171556,,0.22377504408359528,0.0,0.6489545106887817,0.0,0.0
1770761383,520504395,,0.22377504408359528,0.0,0.5452224016189575,0.0,0.0
1770761383,538784727,,0.2132100909948349,0.0,0.5452224016189575,0.0,0.0
1770761383,548482210,,0.20615631341934204,0.0,0.5452224016189575,0.0,0.0
1770761383,560193020,,0.18854805827140808,0.0,0.5452224016189575,0.0,0.0
1770761383,570283338,,0.17093980312347412,0.0,0.5452224016189575,0.0,0.0
1770761383,592829720,,0.1251373589038849,0.0,0.5452224016189575,0.0,0.0
1770761383,603086567,,0.11105075478553772,0.0,0.5452224016189575,0.0,0.0
1770761383,613410710,,0.04765055701136589,0.0,0.5452224016189575,0.0,0.0
1770761383,623641349,,0.0,0.0,0.5452224016189575,0.0,0.0
1770761383,685183039,,-0.03354299068450928,0.0,0.5452224016189575,0.0,0.0
1770761383,695671471,,-0.06524833291769028,0.0,0.5452224016189575,0.0,0.0
1770761383,706064256,,-0.11104027926921844,0.0,0.5452224016189575,0.0,0.0
1770761383,716333071,,-0.14274561405181885,0.0,0.5452224016189575,0.0,0.0
1770761383,727121122,,-0.20614580810070038,0.0,0.5452224016189575,0.0,0.0
1770761383,737220559,,-0.24841612577438354,0.0,0.5452224016189575,0.0,0.0
1770761383,747134492,,-0.258991539478302,0.0,1.0114774703979492,0.0,0.0
1770761383,757588140,,-0.2977401912212372,0.0,1.1150553226470947,0.0,0.0
1770761383,768342527,,-0.31182679533958435,0.0,1.1150553226470947,0.0,0.0
1770761383,779746775,,-0.3329567015171051,0.0,1.166844367980957,0.0,0.0
1770761383,789095199,,-0.3400000035762787,0.0,1.166844367980957,0.0,0.0
1770761383,840328809,,-0.3400000035762787,0.0,1.166844367980957,0.0,0.0
1770761383,881293605,,-0.3400000035762787,0.0,0.9596884250640869,0.0,0.0
1770761383,901921156,,-0.3400000035762787,0.0,0.8561104536056519,0.0,0.0
1770761383,912637846,,-0.3400000035762787,0.0,0.8043214678764343,0.0,0.0
1770761383,922906437,,-0.3400000035762787,0.0,0.8043214678764343,0.0,0.0
1770761383,953175278,,-0.3400000035762787,0.0,0.7007434964179993,0.0,0.0
1770761383,983913563,,-0.28716474771499634,0.0,0.6489545106887817,0.0,0.0
1770761383,994775375,,-0.25193777680397034,0.0,0.5452224016189575,0.0,0.0
1770761384,6783819,,-0.21319961547851562,0.0,0.5452224016189575,0.0,0.0
1770761384,18103490,,0.0,0.0,0.5452224016189575,0.0,0.0
1770761384,79606203,,0.0,0.0,0.4934334456920624,0.0,0.0
1770761384,99848951,,0.0,0.0,0.3898554742336273,0.0,0.0
1770761384,150603677,,0.0,0.0,0.3898554742336273,0.0,0.0
1770761384,211859220,,0.0,0.0,0.3380664885044098,0.0,0.0
1770761384,273121772,,0.0,0.0,0.23448851704597473,0.0,0.0
1770761384,293200294,,0.0,0.0,0.02733256295323372,0.0,0.0
1770761384,313750756,,0.0,0.0,0.0,0.0,0.0
1770761384,364690284,,0.0,0.0,0.0,0.0,0.0
1770761384,395005077,,0.0,0.0,0.0,0.0,0.0
1770761384,446201855,,0.0,0.0,0.0,0.0,0.0
1770761384,497532522,,0.0,0.0,0.0,0.0,0.0
1770761384,548670931,,0.0,0.0,0.0,0.0,0.0
1770761384,599702619,,0.0,0.0,0.0,0.0,0.0
1770761384,650219232,,0.0,0.0,0.0,0.0,0.0
1770761384,700977126,,0.0,0.0,0.0,0.0,0.0
1770761384,752090032,,0.0,0.0,0.0,0.0,0.0
1770761384,802501491,,0.0,0.0,0.0,0.0,0.0
1770761384,853384507,,0.0,0.0,0.0,0.0,0.0
1770761384,904593636,,0.0,0.0,0.0,0.0,0.0
1770761384,954945896,,0.0,0.0,0.0,0.0,0.0
1770761385,5841423,,0.0,0.0,0.0,0.0,0.0
1770761385,56796471,,0.0,0.0,0.0,0.0,0.0
1770761385,107468444,,0.0,0.0,0.0,0.0,0.0
1770761385,159069736,,0.0,0.0,0.0,0.0,0.0
1770761385,209439883,,0.0,0.0,0.0,0.0,0.0
