time,drive.steering_angle,drive.steering_angle_velocity,drive.speed,drive.acceleration,drive.jerk
2.156641960144043,0.0,0.0,0.0,0.0,0.0
2.208786964416504,0.0,0.0,0.0,0.0,0.0
2.265498638153076,0.0,0.0,0.0,0.0,0.0
2.313241481781006,0.0,0.0,0.0,0.0,0.0
2.3642096519470215,0.0,0.0,0.0,0.0,0.0
2.415574312210083,0.0,0.0,0.0,0.0,0.0
2.474825382232666,0.0,0.0,0.0,0.0,0.0
2.5262339115142822,0.0,0.0,0.0,0.0,0.0
2.5825774669647217,0.0,0.0,0.0,0.0,0.0
2.6407368183135986,0.0,0.0,0.0,0.0,0.0
2.6932456493377686,0.0,0.0,0.0,0.0,0.0
2.746713399887085,0.0,0.0,0.0,0.0,0.0
2.7981154918670654,0.0,0.0,0.0,0.0,0.0
2.8469879627227783,0.0,0.0,0.0,0.0,0.0
2.8983287811279297,0.0,0.0,0.0,0.0,0.0
2.9511475563049316,0.0,0.0,0.0,0.0,0.0
2.971379518508911,0.0,0.0,0.0,0.0,0.0
3.023392677307129,0.0,0.0,0.0,0.0,0.0
3.0757296085357666,0.0,0.0,0.0,0.0,0.0
3.1287217140197754,0.0,0.0,0.0,0.0,0.0
3.1859567165374756,0.0,0.0,0.0,0.0,0.0
3.231504201889038,0.0,0.0,0.0,0.0,0.0
3.2832467555999756,0.0,0.0,0.0,0.0,0.0
3.3336713314056396,0.0,0.0,0.0,0.0,0.0
3.387153148651123,0.0,0.0,0.0,0.0,0.0
3.440690279006958,0.0,0.0,0.0,0.0,0.0
3.499244451522827,0.0,0.0,0.0,0.0,0.0
3.549919843673706,0.0,0.0,0.0,0.0,0.0
3.6021924018859863,0.0,0.0,0.0,0.0,0.0
3.6547317504882812,0.0,0.0,0.0,0.0,0.0
3.7168939113616943,-0.015934737399220467,0.0,0.0,0.0,0.0
3.737542152404785,-0.026499688625335693,0.0,0.0,0.0,0.0
3.7581980228424072,-0.06172667816281319,0.0,0.0,0.0,0.0
3.7690818309783936,-0.07229163497686386,0.0,0.0,0.0,0.0
3.7814245223999023,-0.09695367515087128,0.0,0.0,0.0,0.0
3.792400360107422,-0.13218066096305847,0.0,0.0,0.0,0.0
3.803999185562134,-0.1673971712589264,0.0,0.0,0.0,0.0
3.8217415809631348,-0.18501590192317963,0.0,0.0,0.0,0.0
3.8261373043060303,-0.2026241570711136,0.0,0.0,0.0,0.0
3.837662935256958,-0.2272862195968628,0.0,0.0,0.0,0.0
3.8496694564819336,-0.24489447474479675,0.0,0.0,0.0,0.0
3.8576693534851074,-0.2554698884487152,0.0,0.0,0.0,0.0
3.8892016410827637,-0.2625131905078888,0.0,0.0,0.0,0.0
3.9300267696380615,-0.2625131905078888,0.0,0.13091053068637848,0.0,0.0
3.965017795562744,-0.2625131905078888,0.0,0.28627750277519226,0.0,0.0
4.0112144947052,-0.2625131905078888,0.0,0.28627750277519226,0.0,0.0
4.032454013824463,-0.24489447474479675,0.0,0.28627750277519226,0.0,0.0
4.0431060791015625,-0.23080787062644958,0.0,0.28627750277519226,0.0,0.0
4.054300785064697,-0.2272862195968628,0.0,0.3898554742336273,0.0,0.0
4.07221531867981,-0.2026241570711136,0.0,0.44164445996284485,0.0,0.0
4.089667558670044,-0.17445094883441925,0.0,0.5971655249595642,0.0,0.0
4.104539155960083,-0.13218066096305847,0.0,0.5971655249595642,0.0,0.0
4.116147041320801,-0.10399697721004486,0.0,0.7007434964179993,0.0,0.0
4.123124599456787,-0.0863887220621109,0.0,0.7525324821472168,0.0,0.0
4.128409147262573,-0.03354299068450928,0.0,0.7525324821472168,0.0,0.0
4.1418297290802,0.0,0.0,0.8561104536056519,0.0,0.0
4.167291641235352,0.0,0.0,1.0114774703979492,0.0,0.0
4.1856701374053955,0.0,0.0,1.166844367980957,0.0,0.0
4.225832223892212,0.0,0.0,1.2705764770507812,0.0,0.0
4.277081727981567,0.0,0.0,1.2705764770507812,0.0,0.0
4.3287200927734375,0.0,0.0,1.2705764770507812,0.0,0.0
4.393675804138184,-0.015934737399220467,0.0,1.2705764770507812,0.0,0.0
4.4141786098480225,-0.03706464171409607,0.0,1.2705764770507812,0.0,0.0
4.433923244476318,-0.05116172507405281,0.0,1.2705764770507812,0.0,0.0
4.439661026000977,-0.07229163497686386,0.0,1.2705764770507812,0.0,0.0
4.458906412124634,-0.08991037309169769,0.0,1.2705764770507812,0.0,0.0
4.489637613296509,-0.1251268833875656,0.0,1.2705764770507812,0.0,0.0
4.501575946807861,-0.14978891611099243,0.0,1.2705764770507812,0.0,0.0
4.514605760574341,-0.17445094883441925,0.0,1.2705764770507812,0.0,0.0
4.525071859359741,-0.18501590192317963,0.0,1.2705764770507812,0.0,0.0
4.545576572418213,-0.21319961547851562,0.0,1.2705764770507812,0.0,0.0
4.556716203689575,-0.2272862195968628,0.0,1.2705764770507812,0.0,0.0
4.574666738510132,-0.23080787062644958,0.0,1.2705764770507812,0.0,0.0
4.5962607860565186,-0.23785117268562317,0.0,1.2705764770507812,0.0,0.0
4.616258382797241,-0.2554698884487152,0.0,1.2705764770507812,0.0,0.0
4.636894464492798,-0.2625131905078888,0.0,1.2705764770507812,0.0,0.0
4.674668788909912,-0.2660348415374756,0.0,1.2705764770507812,0.0,0.0
4.729562759399414,-0.27307814359664917,0.0,1.2705764770507812,0.0,0.0
4.790788650512695,-0.24841612577438354,0.0,1.2705764770507812,0.0,0.0
4.801939487457275,-0.2202429175376892,0.0,1.2705764770507812,0.0,0.0
4.806896209716797,-0.18501590192317963,0.0,1.2705764770507812,0.0,0.0
4.82075834274292,-0.14978891611099243,0.0,1.2705764770507812,0.0,0.0
4.8301310539245605,0.0,0.0,1.2705764770507812,0.0,0.0
4.882736921310425,0.0,0.0,1.2705764770507812,0.0,0.0
4.933846950531006,0.0,0.0,1.2705764770507812,0.0,0.0
4.9857916831970215,0.0,0.0,1.2705764770507812,0.0,0.0
5.039676189422607,0.0,0.0,1.2705764770507812,0.0,0.0
5.093630313873291,0.0,0.0,1.2705764770507812,0.0,0.0
5.14230751991272,0.0,0.0,1.2705764770507812,0.0,0.0
5.193791151046753,0.0,0.0,1.2705764770507812,0.0,0.0
5.254879474639893,0.0,0.0,1.2705764770507812,0.0,0.0
5.3120386600494385,0.0,0.0,1.2705764770507812,0.0,0.0
5.363773822784424,0.0,0.0,1.2705764770507812,0.0,0.0
5.41525411605835,0.0,0.0,1.2705764770507812,0.0,0.0
5.466259479522705,0.0,0.0,1.2705764770507812,0.0,0.0
5.517842531204224,0.0,0.0,1.2705764770507812,0.0,0.0
5.569066524505615,0.0,0.0,1.2705764770507812,0.0,0.0
5.6210713386535645,0.0,0.0,1.2705764770507812,0.0,0.0
5.67959451675415,0.0,0.0,1.2705764770507812,0.0,0.0
5.730508089065552,0.0,0.0,1.2705764770507812,0.0,0.0
5.783702373504639,0.0,0.0,1.2705764770507812,0.0,0.0
5.823683261871338,0.0,0.0,1.425943374633789,0.0,0.0
5.835402250289917,0.0,0.0,1.6330993175506592,0.0,0.0
5.845184087753296,0.0,0.0,1.8402552604675293,0.0,0.0
5.858220338821411,0.005380264949053526,0.0,2.047565460205078,0.0,0.0
5.86684250831604,0.06173716112971306,0.0,2.3582992553710938,0.0,0.0
5.877246379852295,0.07230211794376373,0.0,2.4618773460388184,0.0,0.0
5.8941404819488525,0.14275610446929932,0.0,3.031710386276245,0.0,0.0
5.908138990402222,0.25900202989578247,0.0,3.8088533878326416,0.0,0.0
5.915121555328369,0.318880558013916,0.0,4.378686428070068,0.0,0.0
5.925913572311401,0.3400000035762787,0.0,5.0,0.0,0.0
5.955499649047852,0.3400000035762787,0.0,5.0,0.0,0.0
5.977283239364624,0.3400000035762787,0.0,5.0,0.0,0.0
5.98638129234314,0.3400000035762787,0.0,5.0,0.0,0.0
6.016987085342407,0.3400000035762787,0.0,5.0,0.0,0.0
6.067816495895386,0.3400000035762787,0.0,5.0,0.0,0.0
6.119593381881714,0.3400000035762787,0.0,5.0,0.0,0.0
6.170130968093872,0.3400000035762787,0.0,5.0,0.0,0.0
6.226269960403442,0.3400000035762787,0.0,5.0,0.0,0.0
6.285663604736328,0.26604533195495605,0.0,5.0,0.0,0.0
6.295436859130859,-0.05116172507405281,0.0,5.0,0.0,0.0
6.307333707809448,0.0,0.0,5.0,0.0,0.0
6.347386837005615,0.0,0.0,0.0,0.0,0.0
6.3976826667785645,0.0,0.0,0.0,0.0,0.0
6.447868585586548,0.0,0.0,0.0,0.0,0.0
6.500037670135498,0.0,0.0,0.0,0.0,0.0
6.535639047622681,-0.07229163497686386,0.0,0.0,0.0,0.0
6.547530889511108,-0.18501590192317963,0.0,0.0,0.0,0.0
6.557288646697998,-0.2554698884487152,0.0,0.0,0.0,0.0
6.5681822299957275,-0.3400000035762787,0.0,0.0,0.0,0.0
6.619668245315552,-0.3400000035762787,0.0,0.0,0.0,0.0
6.670629501342773,-0.3400000035762787,0.0,0.0,0.0,0.0
6.722527503967285,-0.3400000035762787,0.0,0.0,0.0,0.0
6.773064374923706,-0.3400000035762787,0.0,0.0,0.0,0.0
6.8241870403289795,-0.3400000035762787,0.0,0.0,0.0,0.0
6.875100374221802,-0.3400000035762787,0.0,0.0,0.0,0.0
6.926485300064087,-0.3400000035762787,0.0,0.0,0.0,0.0
6.977494716644287,-0.3400000035762787,0.0,0.0,0.0,0.0
7.029668569564819,-0.3400000035762787,0.0,0.0,0.0,0.0
7.079732656478882,-0.3400000035762787,0.0,0.0,0.0,0.0
7.142744779586792,-0.28012144565582275,0.0,0.0,0.0,0.0
7.151968002319336,-0.12160523235797882,0.0,0.0,0.0,0.0
7.173750877380371,0.0,0.0,0.0,0.0,0.0
7.225269794464111,0.0,0.0,0.0,0.0,0.0
7.276805639266968,0.0,0.0,0.0,0.0,0.0
7.327260732650757,0.0,0.0,0.0,0.0,0.0
7.385951995849609,0.0,0.0,0.13091053068637848,0.0,0.0
7.400537490844727,0.0,0.0,0.23448851704597473,0.0,0.0
7.432765245437622,0.0,0.0,0.28627750277519226,0.0,0.0
7.482836008071899,0.0,0.0,0.28627750277519226,0.0,0.0
7.543832778930664,0.0,0.0,0.3898554742336273,0.0,0.0
7.594754219055176,0.0,0.0,0.44164445996284485,0.0,0.0
7.614957094192505,0.0,0.0,0.5452224016189575,0.0,0.0
7.63532018661499,0.0,0.0,0.5971655249595642,0.0,0.0
7.655900955200195,0.0,0.0,0.7007434964179993,0.0,0.0
7.697084426879883,0.0,0.0,0.7525324821472168,0.0,0.0
7.739464521408081,0.0,0.0,0.8561104536056519,0.0,0.0
7.786702632904053,0.0,0.0,0.9596884250640869,0.0,0.0
7.838267803192139,0.0,0.0,0.9596884250640869,0.0,0.0
7.890833139419556,0.0,0.0,0.9596884250640869,0.0,0.0
7.943228483200073,0.0,0.0,0.9596884250640869,0.0,0.0
7.986698627471924,0.005380264949053526,0.0,0.9596884250640869,0.0,0.0
8.005919218063354,0.0441289059817791,0.0,0.9596884250640869,0.0,0.0
8.01833987236023,0.054693859070539474,0.0,0.9596884250640869,0.0,0.0
8.051052808761597,0.07582376897335052,0.0,0.9596884250640869,0.0,0.0
8.060665130615234,0.10400745272636414,0.0,0.9596884250640869,0.0,0.0
8.072422504425049,0.11457240581512451,0.0,0.9596884250640869,0.0,0.0
8.082796335220337,0.1251373589038849,0.0,1.0114774703979492,0.0,0.0
8.092904090881348,0.13571280241012573,0.0,1.0114774703979492,0.0,0.0
8.1549391746521,0.14275610446929932,0.0,1.0114774703979492,0.0,0.0
8.206421613693237,0.14275610446929932,0.0,1.0114774703979492,0.0,0.0
8.26757287979126,0.14275610446929932,0.0,1.0114774703979492,0.0,0.0
8.328929662704468,0.12866950035095215,0.0,1.0114774703979492,0.0,0.0
8.350686311721802,0.1251373589038849,0.0,1.0114774703979492,0.0,0.0
8.371026039123535,0.1180940568447113,0.0,1.0114774703979492,0.0,0.0
8.411979675292969,0.11457240581512451,0.0,1.0114774703979492,0.0,0.0
8.453015804290771,0.10752910375595093,0.0,1.0114774703979492,0.0,0.0
8.463430643081665,0.10400745272636414,0.0,1.0114774703979492,0.0,0.0
8.514135360717773,0.10400745272636414,0.0,1.0114774703979492,0.0,0.0
8.566863775253296,0.10400745272636414,0.0,1.0114774703979492,0.0,0.0
8.616911888122559,0.10400745272636414,0.0,1.0114774703979492,0.0,0.0
8.667532920837402,0.10400745272636414,0.0,1.0114774703979492,0.0,0.0
8.73296070098877,0.12866950035095215,0.0,1.0114774703979492,0.0,0.0
8.752635717391968,0.1533210575580597,0.0,1.0114774703979492,0.0,0.0
8.763941764831543,0.1850264072418213,0.0,1.0114774703979492,0.0,0.0
8.776357173919678,0.19911301136016846,0.0,1.0114774703979492,0.0,0.0
8.790511846542358,0.22729669511318207,0.0,1.0114774703979492,0.0,0.0
8.813924074172974,0.30831560492515564,0.0,1.0114774703979492,0.0,0.0
8.828220129013062,0.3400000035762787,0.0,1.0114774703979492,0.0,0.0
8.883388996124268,0.3400000035762787,0.0,1.0114774703979492,0.0,0.0
8.940681457519531,0.3400000035762787,0.0,1.0114774703979492,0.0,0.0
8.98091745376587,0.3400000035762787,0.0,1.166844367980957,0.0,0.0
9.002275228500366,0.3400000035762787,0.0,1.425943374633789,0.0,0.0
9.010297536849976,0.3400000035762787,0.0,1.7366772890090942,0.0,0.0
9.031043529510498,0.3400000035762787,0.0,1.9957764148712158,0.0,0.0
9.071293592453003,0.3400000035762787,0.0,2.5138206481933594,0.0,0.0
9.090420722961426,0.3400000035762787,0.0,5.0,0.0,0.0
9.151362657546997,0.3400000035762787,0.0,5.0,0.0,0.0
9.21256399154663,0.3400000035762787,0.0,5.0,0.0,0.0
9.22309684753418,0.3400000035762787,0.0,5.0,0.0,0.0
9.243517398834229,0.3400000035762787,0.0,5.0,0.0,0.0
9.274377346038818,0.3400000035762787,0.0,5.0,0.0,0.0
9.295225620269775,0.3400000035762787,0.0,5.0,0.0,0.0
9.326078414916992,0.3400000035762787,0.0,5.0,0.0,0.0
9.388625383377075,0.3400000035762787,0.0,5.0,0.0,0.0
9.424141883850098,0.3400000035762787,0.0,5.0,0.0,0.0
9.470902681350708,0.3400000035762787,0.0,5.0,0.0,0.0
9.522407531738281,0.3400000035762787,0.0,5.0,0.0,0.0
9.57435917854309,0.3400000035762787,0.0,5.0,0.0,0.0
9.585318565368652,0.3400000035762787,0.0,5.0,0.0,0.0
9.59562373161316,0.3400000035762787,0.0,5.0,0.0,0.0
9.615922689437866,0.3400000035762787,0.0,5.0,0.0,0.0
9.647846937179565,0.3400000035762787,0.0,5.0,0.0,0.0
9.66867470741272,0.3400000035762787,0.0,5.0,0.0,0.0
9.679217338562012,0.30831560492515564,0.0,5.0,0.0,0.0
9.689333200454712,0.24490495026111603,0.0,5.0,0.0,0.0
9.702680110931396,0.0,0.0,5.0,0.0,0.0
9.714432954788208,0.0,0.0,5.0,0.0,0.0
9.755073070526123,0.0,0.0,0.0,0.0,0.0
9.76585602760315,0.0,0.0,-1.4775782823562622,0.0,0.0
9.777030944824219,0.0,0.0,0.0,0.0,0.0
9.827428102493286,0.0,0.0,0.0,0.0,0.0
9.850288152694702,-0.0863887220621109,0.0,0.0,0.0,0.0
9.858514785766602,-0.1673971712589264,0.0,0.0,0.0,0.0
9.886796474456787,-0.3400000035762787,0.0,0.0,0.0,0.0
9.933040618896484,-0.3400000035762787,0.0,0.0,0.0,0.0
9.985519647598267,-0.3400000035762787,0.0,0.0,0.0,0.0
10.03742241859436,-0.3400000035762787,0.0,0.0,0.0,0.0
10.088462591171265,-0.3400000035762787,0.0,0.0,0.0,0.0
10.139891624450684,-0.3400000035762787,0.0,0.0,0.0,0.0
10.190604209899902,-0.3400000035762787,0.0,0.0,0.0,0.0
10.243003368377686,-0.3400000035762787,0.0,0.0,0.0,0.0
10.29489541053772,-0.3400000035762787,0.0,0.0,0.0,0.0
10.336905717849731,-0.3223917484283447,0.0,0.0,0.0,0.0
10.350510835647583,-0.13922396302223206,0.0,0.0,0.0,0.0
10.370337963104248,0.0,0.0,0.0,0.0,0.0
10.421512842178345,0.0,0.0,0.0,0.0,0.0
10.472102165222168,0.0,0.0,0.0,0.0,0.0
10.52397871017456,0.0,0.0,0.0,0.0,0.0
10.576714754104614,0.0,0.0,0.0,0.0,0.0
10.599519968032837,0.026510171592235565,0.0,0.0,0.0,0.0
10.606538534164429,0.054693859070539474,0.0,0.0,0.0,0.0
10.617033958435059,0.06525881588459015,0.0,0.0,0.0,0.0
10.62708592414856,0.09344249963760376,0.0,0.0,0.0,0.0
10.637313604354858,0.10752910375595093,0.0,0.0,0.0,0.0
10.649690866470337,0.12866950035095215,0.0,0.0,0.0,0.0
10.658162117004395,0.1462777554988861,0.0,0.0,0.0,0.0
10.709631204605103,0.1462777554988861,0.0,0.0,0.0,0.0
10.73217487335205,0.09696415066719055,0.0,0.0,0.0,0.0
10.743877172470093,0.054693859070539474,0.0,0.0,0.0,0.0
10.754539728164673,0.0,0.0,0.0,0.0,0.0
10.78493046760559,0.0,0.0,0.13091053068637848,0.0,0.0
10.796705484390259,0.0,0.0,0.28627750277519226,0.0,0.0
10.816124439239502,0.0,0.0,0.5971655249595642,0.0,0.0
10.837238073348999,0.0,0.0,0.7007434964179993,0.0,0.0
10.867479801177979,0.0,0.0,0.7525324821472168,0.0,0.0
10.898257970809937,0.0,0.0,0.8561104536056519,0.0,0.0
10.949680089950562,0.0,0.0,0.8561104536056519,0.0,0.0
11.00737714767456,0.0,0.0,0.8561104536056519,0.0,0.0
11.051814556121826,0.0,0.0,0.8561104536056519,0.0,0.0
11.102754354476929,0.0,0.0,0.8561104536056519,0.0,0.0
11.156036138534546,0.0,0.0,0.8561104536056519,0.0,0.0
11.207462787628174,0.0,0.0,0.8561104536056519,0.0,0.0
11.256579637527466,0.0,0.0,0.8561104536056519,0.0,0.0
11.30786418914795,0.0,0.0,0.8561104536056519,0.0,0.0
11.35871434211731,0.0,0.0,0.8561104536056519,0.0,0.0
11.409896612167358,0.0,0.0,0.8561104536056519,0.0,0.0
11.46369481086731,0.0,0.0,0.8561104536056519,0.0,0.0
11.5130774974823,0.0,0.0,0.8561104536056519,0.0,0.0
11.564363241195679,0.0,0.0,0.8561104536056519,0.0,0.0
11.615189552307129,0.0,0.0,0.8561104536056519,0.0,0.0
11.666429281234741,0.0,0.0,0.8561104536056519,0.0,0.0
11.717480897903442,0.0,0.0,0.8561104536056519,0.0,0.0
11.76828408241272,0.0,0.0,0.8561104536056519,0.0,0.0
11.798991680145264,0.054693859070539474,0.0,0.8561104536056519,0.0,0.0
11.810417175292969,0.09344249963760376,0.0,0.8561104536056519,0.0,0.0
11.821107149124146,0.15684270858764648,0.0,0.8561104536056519,0.0,0.0
11.831520557403564,0.23433999717235565,0.0,0.8561104536056519,0.0,0.0
11.843467712402344,0.3259238600730896,0.0,0.8561104536056519,0.0,0.0
11.864758968353271,0.3400000035762787,0.0,0.8561104536056519,0.0,0.0
11.915238380432129,0.3400000035762787,0.0,0.9078994393348694,0.0,0.0
11.937971830368042,0.3400000035762787,0.0,1.063266396522522,0.0,0.0
11.958190202713013,0.3400000035762787,0.0,1.2187875509262085,0.0,0.0
11.978189706802368,0.3400000035762787,0.0,1.322365403175354,0.0,0.0
12.001519441604614,0.2871752381324768,0.0,1.322365403175354,0.0,0.0
12.008030414581299,0.10400745272636414,0.0,1.322365403175354,0.0,0.0
12.028617143630981,0.0,0.0,1.322365403175354,0.0,0.0
12.079249143600464,0.0,0.0,1.322365403175354,0.0,0.0
12.133056879043579,0.0,0.0,1.322365403175354,0.0,0.0
12.18380331993103,0.0,0.0,1.322365403175354,0.0,0.0
12.203930854797363,0.0,0.0,1.063266396522522,0.0,0.0
12.224361896514893,0.0,0.0,1.0114774703979492,0.0,0.0
12.275522470474243,0.0,0.0,1.0114774703979492,0.0,0.0
12.327632427215576,0.0,0.0,1.0114774703979492,0.0,0.0
12.377601861953735,0.0,0.0,1.0114774703979492,0.0,0.0
12.428767204284668,0.0,0.0,1.0114774703979492,0.0,0.0
12.449738264083862,0.03355347365140915,0.0,1.0114774703979492,0.0,0.0
12.452615737915039,0.08287755399942398,0.0,1.0114774703979492,0.0,0.0
12.463832378387451,0.12866950035095215,0.0,1.0114774703979492,0.0,0.0
12.475518941879272,0.16740766167640686,0.0,1.0114774703979492,0.0,0.0
12.4856538772583,0.22729669511318207,0.0,1.0114774703979492,0.0,0.0
12.495026111602783,0.2871752381324768,0.0,1.0114774703979492,0.0,0.0
12.505485534667969,0.30831560492515564,0.0,1.0114774703979492,0.0,0.0
12.517375946044922,0.3294455111026764,0.0,1.0114774703979492,0.0,0.0
12.52582335472107,0.3400000035762787,0.0,1.0114774703979492,0.0,0.0
12.567257165908813,0.318880558013916,0.0,1.0114774703979492,0.0,0.0
12.577580213546753,0.2801319360733032,0.0,1.0114774703979492,0.0,0.0
12.588533878326416,0.19559136033058167,0.0,1.0114774703979492,0.0,0.0
12.599186182022095,0.0,0.0,1.0114774703979492,0.0,0.0
12.619469404220581,0.0,0.0,0.8561104536056519,0.0,0.0
12.641324996948242,0.0,0.0,0.7007434964179993,0.0,0.0
12.692942380905151,0.0,0.0,0.7007434964179993,0.0,0.0
12.743643283843994,0.0,0.0,0.5971655249595642,0.0,0.0
12.76402497291565,0.0,0.0,0.5452224016189575,0.0,0.0
12.814237356185913,0.0,0.0,0.5452224016189575,0.0,0.0
12.870739459991455,0.0,0.0,0.5452224016189575,0.0,0.0
12.919887781143188,0.0,0.0,0.5452224016189575,0.0,0.0
12.971266269683838,0.0,0.0,0.5452224016189575,0.0,0.0
13.022355079650879,0.0,0.0,0.5452224016189575,0.0,0.0
13.054998397827148,0.0,0.0,0.7525324821472168,0.0,0.0
13.095299005508423,0.0,0.0,0.8561104536056519,0.0,0.0
13.136054277420044,0.0,0.0,0.9078994393348694,0.0,0.0
13.146590948104858,0.0,0.0,1.0114774703979492,0.0,0.0
13.18712854385376,0.0,0.0,1.166844367980957,0.0,0.0
13.218078851699829,0.0441289059817791,0.0,1.166844367980957,0.0,0.0
13.228625059127808,0.08639919757843018,0.0,1.166844367980957,0.0,0.0
13.238971948623657,0.13571280241012573,0.0,1.166844367980957,0.0,0.0
13.250476121902466,0.15684270858764648,0.0,1.166844367980957,0.0,0.0
13.264570713043213,0.20967796444892883,0.0,1.166844367980957,0.0,0.0
13.283791065216064,0.23786164820194244,0.0,1.166844367980957,0.0,0.0
13.344416379928589,0.20967796444892883,0.0,1.166844367980957,0.0,0.0
13.357556581497192,0.08639919757843018,0.0,1.166844367980957,0.0,0.0
13.367897510528564,0.0,0.0,1.166844367980957,0.0,0.0
13.400607824325562,0.0,0.0,1.2187875509262085,0.0,0.0
13.447226762771606,0.0,0.0,1.2187875509262085,0.0,0.0
13.498793363571167,0.0,0.0,1.2187875509262085,0.0,0.0
13.549619674682617,0.0,0.0,1.2187875509262085,0.0,0.0
13.601671695709229,0.0,0.0,1.0114774703979492,0.0,0.0
13.632375955581665,0.06525881588459015,0.0,1.0114774703979492,0.0,0.0
13.644968509674072,0.1462777554988861,0.0,1.0114774703979492,0.0,0.0
13.655399084091187,0.19911301136016846,0.0,1.0114774703979492,0.0,0.0
13.665141344070435,0.27661028504371643,0.0,1.0114774703979492,0.0,0.0
13.677726745605469,0.3400000035762787,0.0,1.0114774703979492,0.0,0.0
13.728245973587036,0.3400000035762787,0.0,1.0114774703979492,0.0,0.0
13.758774518966675,0.3400000035762787,0.0,1.2187875509262085,0.0,0.0
13.779899835586548,0.3400000035762787,0.0,1.322365403175354,0.0,0.0
13.80057406425476,0.3400000035762787,0.0,1.3741543292999268,0.0,0.0
13.852004528045654,0.3400000035762787,0.0,1.3741543292999268,0.0,0.0
13.903339385986328,0.3400000035762787,0.0,1.3741543292999268,0.0,0.0
13.945256233215332,0.3400000035762787,0.0,1.4777324199676514,0.0,0.0
13.998944759368896,0.3400000035762787,0.0,1.4777324199676514,0.0,0.0
14.050194263458252,0.3400000035762787,0.0,1.4777324199676514,0.0,0.0
14.09880781173706,0.3400000035762787,0.0,1.4777324199676514,0.0,0.0
14.150731086730957,0.3400000035762787,0.0,1.4777324199676514,0.0,0.0
14.202993631362915,0.3400000035762787,0.0,1.4777324199676514,0.0,0.0
14.253137588500977,0.3400000035762787,0.0,1.4777324199676514,0.0,0.0
14.295873641967773,0.3400000035762787,0.0,1.5295213460922241,0.0,0.0
14.345682621002197,0.3400000035762787,0.0,1.5295213460922241,0.0,0.0
14.39697003364563,0.3400000035762787,0.0,1.5295213460922241,0.0,0.0
14.4479501247406,0.3400000035762787,0.0,1.5295213460922241,0.0,0.0
14.499412298202515,0.3400000035762787,0.0,1.5295213460922241,0.0,0.0
14.551219940185547,0.3400000035762787,0.0,1.5295213460922241,0.0,0.0
14.603250503540039,0.3400000035762787,0.0,1.5295213460922241,0.0,0.0
14.653212308883667,0.3400000035762787,0.0,1.5295213460922241,0.0,0.0
14.705389022827148,0.3400000035762787,0.0,1.5295213460922241,0.0,0.0
14.758773565292358,0.3400000035762787,0.0,1.5295213460922241,0.0,0.0
14.80802059173584,0.3400000035762787,0.0,1.5295213460922241,0.0,0.0
14.858753204345703,0.3400000035762787,0.0,1.5295213460922241,0.0,0.0
14.910229682922363,0.3400000035762787,0.0,1.5295213460922241,0.0,0.0
14.960827112197876,0.3400000035762787,0.0,1.5295213460922241,0.0,0.0
15.011502265930176,0.3400000035762787,0.0,1.5295213460922241,0.0,0.0
15.062762975692749,0.3400000035762787,0.0,1.5295213460922241,0.0,0.0
15.117342233657837,0.3400000035762787,0.0,1.5295213460922241,0.0,0.0
15.13995361328125,0.3400000035762787,0.0,1.6330993175506592,0.0,0.0
15.19160008430481,0.3400000035762787,0.0,1.6330993175506592,0.0,0.0
15.24230432510376,0.3400000035762787,0.0,1.6330993175506592,0.0,0.0
15.29384732246399,0.3400000035762787,0.0,1.6330993175506592,0.0,0.0
15.345399618148804,0.3400000035762787,0.0,1.6330993175506592,0.0,0.0
15.365813970565796,0.3400000035762787,0.0,1.7366772890090942,0.0,0.0
15.417542219161987,0.3400000035762787,0.0,1.7366772890090942,0.0,0.0
15.468704462051392,0.3400000035762787,0.0,1.7366772890090942,0.0,0.0
15.519729852676392,0.3400000035762787,0.0,1.7366772890090942,0.0,0.0
15.57184362411499,0.2167317420244217,0.0,1.7366772890090942,0.0,0.0
15.58224606513977,0.0,0.0,1.7366772890090942,0.0,0.0
15.633641004562378,0.0,0.0,1.7366772890090942,0.0,0.0
15.664290428161621,0.0,0.0,1.4777324199676514,0.0,0.0
15.684732437133789,0.0,0.0,1.063266396522522,0.0,0.0
15.698637962341309,0.0,0.0,0.7007434964179993,0.0,0.0
15.706867456436157,0.0,0.0,0.0,0.0,0.0
15.757644414901733,0.0,0.0,0.0,0.0,0.0
15.808717727661133,0.0,0.0,0.0,0.0,0.0
15.859848022460938,0.0,0.0,0.0,0.0,0.0
15.910892248153687,0.0,0.0,0.0,0.0,0.0
15.931382656097412,0.0,0.0,0.0,0.0,0.0
15.983612060546875,0.0,0.0,0.0,0.0,0.0
16.034852743148804,0.0,0.0,0.0,0.0,0.0
16.086528539657593,0.0,0.0,0.0,0.0,0.0
16.13747763633728,0.0,0.0,0.0,0.0,0.0
16.188700675964355,0.0,0.0,0.0,0.0,0.0
16.239609718322754,0.0,0.0,0.0,0.0,0.0
16.29483652114868,0.0,0.0,0.0,0.0,0.0
16.345808506011963,0.0,0.0,0.0,0.0,0.0
16.396827459335327,0.0,0.0,0.0,0.0,0.0
16.448955297470093,0.0,0.0,0.0,0.0,0.0
16.498753547668457,0.0,0.0,0.0,0.0,0.0
16.549700021743774,0.0,0.0,0.0,0.0,0.0
16.60296654701233,0.0,0.0,0.0,0.0,0.0
16.654709339141846,0.0,0.0,0.0,0.0,0.0
16.704031467437744,0.0,0.0,0.0,0.0,0.0
16.75723385810852,0.0,0.0,0.0,0.0,0.0
16.807268619537354,0.0,0.0,0.0,0.0,0.0
16.856467485427856,0.0,0.0,0.0,0.0,0.0
16.909963607788086,0.0,0.0,0.0,0.0,0.0
16.958752155303955,0.0,0.0,0.0,0.0,0.0
17.009745359420776,0.0,0.0,0.0,0.0,0.0
17.06112241744995,0.0,0.0,0.0,0.0,0.0
17.111639738082886,0.0,0.0,0.0,0.0,0.0
17.163368463516235,0.0,0.0,0.0,0.0,0.0
17.21485948562622,0.0,0.0,0.0,0.0,0.0
17.266215324401855,0.0,0.0,0.0,0.0,0.0
17.316134929656982,0.0,0.0,0.0,0.0,0.0
17.37087893486023,0.0,0.0,0.0,0.0,0.0
17.418203830718994,0.0,0.0,0.0,0.0,0.0
17.469204664230347,0.0,0.0,0.0,0.0,0.0
17.519769191741943,0.0,0.0,0.0,0.0,0.0
17.57085371017456,0.0,0.0,0.0,0.0,0.0
17.6229190826416,0.0,0.0,0.0,0.0,0.0
17.673681259155273,0.0,0.0,0.0,0.0,0.0
17.725494861602783,0.0,0.0,0.0,0.0,0.0
17.77867293357849,0.0,0.0,0.0,0.0,0.0
17.829878568649292,0.0,0.0,0.0,0.0,0.0
17.880943059921265,0.0,0.0,0.0,0.0,0.0
17.931823253631592,0.0,0.0,0.0,0.0,0.0
17.98367691040039,0.0,0.0,0.0,0.0,0.0
18.0349702835083,0.0,0.0,0.0,0.0,0.0
18.085765838623047,0.0,0.0,0.0,0.0,0.0
18.136784315109253,0.0,0.0,0.0,0.0,0.0
18.187748432159424,0.0,0.0,0.0,0.0,0.0
18.23875093460083,0.0,0.0,0.0,0.0,0.0
18.290061950683594,0.0,0.0,0.0,0.0,0.0
18.34318232536316,0.0,0.0,0.0,0.0,0.0
18.391809463500977,0.0,0.0,0.0,0.0,0.0
18.443196535110474,0.0,0.0,0.0,0.0,0.0
18.495110273361206,0.0,0.0,0.0,0.0,0.0
