1770685700,383662103,,0.0,0.0,0.0,0.0,0.0
1770685700,442104224,,0.0,0.0,0.0,0.0,0.0
1770685700,492965258,,0.0,0.0,0.0,0.0,0.0
1770685700,545097183,,0.0,0.0,0.0,0.0,0.0
1770685700,596385228,,0.0,0.0,0.0,0.0,0.0
1770685700,647123925,,0.0,0.0,0.0,0.0,0.0
1770685700,697674653,,0.0,0.0,0.0,0.0,0.0
1770685700,748794249,,0.0,0.0,0.0,0.0,0.0
1770685700,800323160,,0.0,0.0,0.0,0.0,0.0
1770685700,851238147,,0.0,0.0,0.0,0.0,0.0
1770685700,903091029,,0.0,0.0,0.0,0.0,0.0
1770685700,923396095,,0.0,0.0,0.23448851704597473,0.0,0.0
1770685700,946481888,,0.0,0.0,0.28627750277519226,0.0,0.0
1770685700,974567435,,0.0,0.0,0.44164445996284485,0.0,0.0
1770685701,6137300,,0.005380264949053526,0.0,0.5452224016189575,0.0,0.0
1770685701,32344399,,0.04765055701136589,0.0,0.5452224016189575,0.0,0.0
1770685701,38673732,,0.07582376897335052,0.0,0.5452224016189575,0.0,0.0
1770685701,49432958,,0.08992084860801697,0.0,0.5971655249595642,0.0,0.0
1770685701,59245488,,0.09344249963760376,0.0,0.5971655249595642,0.0,0.0
1770685701,79802460,,0.09344249963760376,0.0,0.7007434964179993,0.0,0.0
1770685701,100394441,,0.10048580169677734,0.0,0.7525324821472168,0.0,0.0
1770685701,120955253,,0.10048580169677734,0.0,0.9596884250640869,0.0,0.0
1770685701,142088326,,0.10048580169677734,0.0,1.2705764770507812,0.0,0.0
1770685701,152602910,,0.08287755399942398,0.0,1.3741543292999268,0.0,0.0
1770685701,297690716,,-0.026499688625335693,0.0,1.6330993175506592,0.0,0.0
1770685701,308261013,,-0.10751862823963165,0.0,1.6330993175506592,0.0,0.0
1770685701,318480362,,-0.14978891611099243,0.0,1.6330993175506592,0.0,0.0
1770685701,330678128,,-0.258991539478302,0.0,1.6330993175506592,0.0,0.0
1770685701,341778061,,-0.30830514430999756,0.0,1.6330993175506592,0.0,0.0
1770685701,350393109,,-0.3400000035762787,0.0,1.6330993175506592,0.0,0.0
1770685701,401401824,,-0.3400000035762787,0.0,1.6330993175506592,0.0,0.0
1770685701,454625854,,-0.3400000035762787,0.0,1.6330993175506592,0.0,0.0
1770685701,466046525,,-0.24137282371520996,0.0,1.6330993175506592,0.0,0.0
1770685701,473380731,,0.0,0.0,1.6330993175506592,0.0,0.0
1770685701,537014255,,0.0,0.0,1.7366772890090942,0.0,0.0
1770685701,586258028,,0.0,0.0,1.7366772890090942,0.0,0.0
1770685701,648121969,,0.0,0.0,1.425943374633789,0.0,0.0
1770685701,667611348,,0.0,0.0,1.3741543292999268,0.0,0.0
1770685701,718601503,,0.0,0.0,1.3741543292999268,0.0,0.0
1770685701,762190284,,0.0,0.0,1.2705764770507812,0.0,0.0
1770685701,811893772,,0.0,0.0,1.2705764770507812,0.0,0.0
1770685701,863338971,,0.0,0.0,1.2705764770507812,0.0,0.0
1770685701,914181636,,0.0,0.0,1.2705764770507812,0.0,0.0
1770685701,966962590,,0.0,0.0,1.2705764770507812,0.0,0.0
1770685702,16967553,,0.0,0.0,1.2705764770507812,0.0,0.0
1770685702,67846218,,0.0,0.0,1.2705764770507812,0.0,0.0
1770685702,120155456,,0.0,0.0,1.2705764770507812,0.0,0.0
1770685702,172151027,,0.0,0.0,1.2705764770507812,0.0,0.0
1770685702,224103269,,0.01594521850347519,0.0,1.2705764770507812,0.0,0.0
1770685702,233162033,,0.04765055701136589,0.0,1.2705764770507812,0.0,0.0
1770685702,245365047,,0.08992084860801697,0.0,1.2705764770507812,0.0,0.0
1770685702,257459869,,0.10752910375595093,0.0,1.2705764770507812,0.0,0.0
1770685702,266001636,,0.13571280241012573,0.0,1.2705764770507812,0.0,0.0
1770685702,276771614,,0.16388601064682007,0.0,1.2705764770507812,0.0,0.0
1770685702,299021240,,0.1779831051826477,0.0,1.2705764770507812,0.0,0.0
1770685702,348382741,,0.1779831051826477,0.0,1.2705764770507812,0.0,0.0
1770685702,399807587,,0.1779831051826477,0.0,1.2705764770507812,0.0,0.0
1770685702,450000999,,0.1779831051826477,0.0,1.2705764770507812,0.0,0.0
1770685702,480511782,,0.18854805827140808,0.0,1.2705764770507812,0.0,0.0
1770685702,491306049,,0.2167317420244217,0.0,1.2705764770507812,0.0,0.0
1770685702,501711576,,0.24138329923152924,0.0,1.5295213460922241,0.0,0.0
1770685702,512573363,,0.318880558013916,0.0,1.5813102722167969,0.0,0.0
1770685702,522725000,,0.3400000035762787,0.0,1.7366772890090942,0.0,0.0
1770685702,553477705,,0.3400000035762787,0.0,1.8921984434127808,0.0,0.0
1770685702,565179467,,0.3400000035762787,0.0,2.0993545055389404,0.0,0.0
1770685702,588938130,,0.3400000035762787,0.0,2.4618773460388184,0.0,0.0
1770685702,598461985,,0.3400000035762787,0.0,3.031710386276245,0.0,0.0
1770685702,609030778,,0.3400000035762787,0.0,3.7051212787628174,0.0,0.0
1770685702,619845108,,0.3400000035762787,0.0,4.896575927734375,0.0,0.0
1770685702,631408149,,0.3400000035762787,0.0,5.0,0.0,0.0
1770685702,684065261,,0.3400000035762787,0.0,5.0,0.0,0.0
1770685702,730237072,,0.3400000035762787,0.0,5.0,0.0,0.0
1770685702,749955989,,0.3400000035762787,0.0,5.0,0.0,0.0
1770685702,803002608,,0.3400000035762787,0.0,5.0,0.0,0.0
1770685702,854188861,,0.3400000035762787,0.0,5.0,0.0,0.0
1770685702,874933610,,0.3400000035762787,0.0,5.0,0.0,0.0
1770685702,906295600,,0.3400000035762787,0.0,5.0,0.0,0.0
1770685702,960100339,,0.3400000035762787,0.0,5.0,0.0,0.0
1770685703,12688874,,0.3400000035762787,0.0,5.0,0.0,0.0
1770685703,54123013,,0.3400000035762787,0.0,5.0,0.0,0.0
1770685703,82644499,,0.3400000035762787,0.0,3.601543426513672,0.0,0.0
1770685703,94091891,,0.3400000035762787,0.0,-0.33791232109069824,0.0,0.0
1770685703,104242024,,0.30127230286598206,0.0,0.0,0.0,0.0
1770685703,115263588,,0.23081834614276886,0.0,0.0,0.0,0.0
1770685703,125286232,,0.0,0.0,0.0,0.0,0.0
1770685703,177166442,,0.0,0.0,0.0,0.0,0.0
1770685703,219117512,,-0.005369783844798803,0.0,0.0,0.0,0.0
1770685703,238519595,,-0.14274561405181885,0.0,0.0,0.0,0.0
1770685703,258800404,,-0.28364309668540955,0.0,0.0,0.0,0.0
1770685703,263153369,,-0.3400000035762787,0.0,0.0,0.0,0.0
1770685703,316227988,,-0.3400000035762787,0.0,0.0,0.0,0.0
1770685703,365129261,,-0.3400000035762787,0.0,0.0,0.0,0.0
1770685703,417129632,,-0.3400000035762787,0.0,0.0,0.0,0.0
1770685703,468563054,,-0.3400000035762787,0.0,0.0,0.0,0.0
1770685703,519518744,,-0.28364309668540955,0.0,0.0,0.0,0.0
1770685703,529649901,,-0.13570231199264526,0.0,0.0,0.0,0.0
1770685703,541562960,,0.0,0.0,0.0,0.0,0.0
1770685703,550380506,,0.0,0.0,0.0,0.0,0.0
1770685703,601919049,,0.0,0.0,0.0,0.0,0.0
1770685703,642857983,,0.12866950035095215,0.0,0.0,0.0,0.0
1770685703,655267271,,0.19559136033058167,0.0,0.0,0.0,0.0
1770685703,663995344,,0.30127230286598206,0.0,0.0,0.0,0.0
1770685703,674249510,,0.3400000035762787,0.0,0.0,0.0,0.0
1770685703,726125016,,0.3400000035762787,0.0,0.0,0.0,0.0
1770685703,778671855,,0.3400000035762787,0.0,0.0,0.0,0.0
1770685703,829140085,,0.3400000035762787,0.0,0.0,0.0,0.0
1770685703,880000670,,0.3400000035762787,0.0,0.0,0.0,0.0
1770685703,933735583,,0.3400000035762787,0.0,0.0,0.0,0.0
1770685703,985199022,,0.3400000035762787,0.0,0.0,0.0,0.0
1770685704,45567430,,0.3400000035762787,0.0,0.13091053068637848,0.0,0.0
1770685704,67955681,,0.3400000035762787,0.0,0.28627750277519226,0.0,0.0
1770685704,80265416,,0.3400000035762787,0.0,0.3898554742336273,0.0,0.0
1770685704,99096358,,0.3400000035762787,0.0,0.5452224016189575,0.0,0.0
1770685704,152589893,,0.3400000035762787,0.0,0.5452224016189575,0.0,0.0
1770685704,194446146,,0.3400000035762787,0.0,0.5971655249595642,0.0,0.0
1770685704,242696566,,0.3400000035762787,0.0,0.5971655249595642,0.0,0.0
1770685704,296926267,,0.3400000035762787,0.0,0.5971655249595642,0.0,0.0
1770685704,346477305,,0.3400000035762787,0.0,0.7525324821472168,0.0,0.0
1770685704,356821295,,0.3400000035762787,0.0,0.9078994393348694,0.0,0.0
1770685704,380087890,,0.3400000035762787,0.0,0.9596884250640869,0.0,0.0
1770685704,408535391,,0.3400000035762787,0.0,1.063266396522522,0.0,0.0
1770685704,460804244,,0.3400000035762787,0.0,1.063266396522522,0.0,0.0
1770685704,522823994,,0.3400000035762787,0.0,1.2187875509262085,0.0,0.0
1770685704,572627899,,0.3400000035762787,0.0,1.2187875509262085,0.0,0.0
1770685704,623886311,,0.3400000035762787,0.0,1.2187875509262085,0.0,0.0
1770685704,684464737,,0.3400000035762787,0.0,1.2705764770507812,0.0,0.0
1770685704,736924664,,0.3400000035762787,0.0,1.2705764770507812,0.0,0.0
1770685704,788493479,,0.3400000035762787,0.0,1.2705764770507812,0.0,0.0
1770685704,839251951,,0.3400000035762787,0.0,1.2705764770507812,0.0,0.0
1770685704,889612052,,0.3400000035762787,0.0,1.2705764770507812,0.0,0.0
1770685704,940624574,,0.3400000035762787,0.0,1.2705764770507812,0.0,0.0
1770685704,992208237,,0.3400000035762787,0.0,1.2705764770507812,0.0,0.0
1770685705,43185143,,0.3400000035762787,0.0,1.425943374633789,0.0,0.0
1770685705,63761315,,0.3400000035762787,0.0,2.0993545055389404,0.0,0.0
1770685705,77379764,,0.3400000035762787,0.0,2.4618773460388184,0.0,0.0
1770685705,84800402,,0.3400000035762787,0.0,3.601543426513672,0.0,0.0
1770685705,95968752,,0.3400000035762787,0.0,5.0,0.0,0.0
1770685705,118206281,,0.3400000035762787,0.0,5.0,0.0,0.0
1770685705,148066787,,0.3400000035762787,0.0,5.0,0.0,0.0
1770685705,188848055,,0.3400000035762787,0.0,5.0,0.0,0.0
1770685705,209567908,,0.3400000035762787,0.0,5.0,0.0,0.0
1770685705,263075747,,0.3400000035762787,0.0,5.0,0.0,0.0
1770685705,313463720,,0.3400000035762787,0.0,5.0,0.0,0.0
1770685705,333700977,,0.3400000035762787,0.0,5.0,0.0,0.0
1770685705,374358117,,0.3400000035762787,0.0,5.0,0.0,0.0
1770685705,396038042,,0.3400000035762787,0.0,5.0,0.0,0.0
1770685705,415934528,,0.3400000035762787,0.0,5.0,0.0,0.0
1770685705,425862835,,0.3400000035762787,0.0,5.0,0.0,0.0
1770685705,446488991,,0.2167317420244217,0.0,5.0,0.0,0.0
1770685705,457793597,,0.03707512468099594,0.0,5.0,0.0,0.0
1770685705,467402510,,0.0,0.0,5.0,0.0,0.0
1770685705,477345569,,-0.06524833291769028,0.0,5.0,0.0,0.0
1770685705,487928569,,-0.3294350504875183,0.0,5.0,0.0,0.0
1770685705,499473082,,-0.3400000035762787,0.0,5.0,0.0,0.0
1770685705,512091651,,-0.3400000035762787,0.0,3.239020347595215,0.0,0.0
1770685705,522812797,,-0.3400000035762787,0.0,0.28627750277519226,0.0,0.0
1770685705,533301236,,-0.3400000035762787,0.0,0.0,0.0,0.0
1770685705,583864570,,-0.3400000035762787,0.0,0.0,0.0,0.0
1770685705,636428177,,-0.3400000035762787,0.0,0.0,0.0,0.0
1770685705,687387067,,-0.3400000035762787,0.0,0.0,0.0,0.0
1770685705,739964306,,-0.3400000035762787,0.0,0.0,0.0,0.0
1770685705,791097021,,-0.3400000035762787,0.0,0.0,0.0,0.0
1770685705,853536199,,-0.0863887220621109,0.0,0.0,0.0,0.0
1770685705,874011154,,0.01594521850347519,0.0,0.0,0.0,0.0
1770685705,884341992,,0.1180940568447113,0.0,0.0,0.0,0.0
1770685705,894869568,,0.20615631341934204,0.0,0.0,0.0,0.0
1770685705,904992884,,0.3400000035762787,0.0,0.0,0.0,0.0
1770685705,956442594,,0.3400000035762787,0.0,0.0,0.0,0.0
1770685706,10289988,,0.3400000035762787,0.0,0.0,0.0,0.0
1770685706,59917314,,0.3400000035762787,0.0,0.0,0.0,0.0
1770685706,110859307,,0.3400000035762787,0.0,0.0,0.0,0.0
1770685706,164062535,,0.3400000035762787,0.0,0.0,0.0,0.0
1770685706,214342539,,0.3400000035762787,0.0,0.0,0.0,0.0
1770685706,277463834,,0.3400000035762787,0.0,0.0,0.0,0.0
1770685706,298530026,,0.3400000035762787,0.0,0.13091053068637848,0.0,0.0
1770685706,308719359,,0.3400000035762787,0.0,0.3898554742336273,0.0,0.0
1770685706,319093078,,0.3400000035762787,0.0,0.5452224016189575,0.0,0.0
1770685706,331029785,,0.3400000035762787,0.0,0.7007434964179993,0.0,0.0
1770685706,340417864,,0.3400000035762787,0.0,1.063266396522522,0.0,0.0
1770685706,350712670,,0.3400000035762787,0.0,1.2187875509262085,0.0,0.0
1770685706,361570104,,0.3400000035762787,0.0,1.3741543292999268,0.0,0.0
1770685706,382050307,,0.3400000035762787,0.0,1.425943374633789,0.0,0.0
1770685706,402991826,,0.3400000035762787,0.0,1.5295213460922241,0.0,0.0
1770685706,424841288,,0.3400000035762787,0.0,1.6330993175506592,0.0,0.0
1770685706,466144257,,0.3400000035762787,0.0,1.788466215133667,0.0,0.0
1770685706,504767268,,0.3400000035762787,0.0,1.943987488746643,0.0,0.0
1770685706,536920368,,0.3400000035762787,0.0,2.047565460205078,0.0,0.0
1770685706,576417114,,0.3400000035762787,0.0,2.047565460205078,0.0,0.0
1770685706,628515532,,0.3400000035762787,0.0,2.047565460205078,0.0,0.0
1770685706,678907441,,0.3400000035762787,0.0,2.047565460205078,0.0,0.0
1770685706,709732370,,0.3400000035762787,0.0,1.788466215133667,0.0,0.0
1770685706,760562363,,0.3400000035762787,0.0,1.788466215133667,0.0,0.0
1770685706,811907623,,0.3400000035762787,0.0,1.788466215133667,0.0,0.0
1770685706,832890455,,0.2519482374191284,0.0,1.788466215133667,0.0,0.0
1770685706,843264173,,0.23081834614276886,0.0,1.788466215133667,0.0,0.0
1770685706,854992527,,0.20615631341934204,0.0,1.788466215133667,0.0,0.0
1770685706,867484727,,0.17093980312347412,0.0,1.788466215133667,0.0,0.0
1770685706,876804549,,0.09344249963760376,0.0,1.7366772890090942,0.0,0.0
1770685706,888676872,,0.0,0.0,1.6330993175506592,0.0,0.0
1770685706,898351321,,0.0,0.0,1.5813102722167969,0.0,0.0
1770685706,918947173,,0.0,0.0,1.425943374633789,0.0,0.0
1770685706,943348817,,0.0,0.0,1.2705764770507812,0.0,0.0
1770685706,989523826,,0.0,0.0,1.2705764770507812,0.0,0.0
1770685707,40643261,,0.0,0.0,1.2705764770507812,0.0,0.0
1770685707,91898408,,0.0,0.0,1.2705764770507812,0.0,0.0
1770685707,142813265,,0.0,0.0,1.2705764770507812,0.0,0.0
1770685707,193727610,,0.0,0.0,1.2705764770507812,0.0,0.0
1770685707,246318512,,0.0,0.0,1.2705764770507812,0.0,0.0
1770685707,285656121,,0.0,0.0,1.5813102722167969,0.0,0.0
1770685707,315961014,,0.0,0.0,1.6330993175506592,0.0,0.0
1770685707,356707497,,0.0,0.0,1.7366772890090942,0.0,0.0
1770685707,387409258,,0.0,0.0,1.8921984434127808,0.0,0.0
1770685707,412000791,,0.0,0.0,2.047565460205078,0.0,0.0
1770685707,438691989,,0.0,0.0,2.0993545055389404,0.0,0.0
1770685707,490274820,,0.0,0.0,2.0993545055389404,0.0,0.0
1770685707,541186381,,0.0,0.0,2.2547214031219482,0.0,0.0
1770685707,594079686,,0.0,0.0,2.2547214031219482,0.0,0.0
1770685707,623630236,,0.058215510100126266,0.0,2.2547214031219482,0.0,0.0
1770685707,634219029,,0.09344249963760376,0.0,2.3582992553710938,0.0,0.0
1770685707,645658132,,0.1779831051826477,0.0,2.410088300704956,0.0,0.0
1770685707,660010924,,0.33648881316185,0.0,2.4618773460388184,0.0,0.0
1770685707,668448114,,0.3400000035762787,0.0,2.5656094551086426,0.0,0.0
1770685707,686906220,,0.3400000035762787,0.0,3.0834994316101074,0.0,0.0
1770685707,697314211,,0.3400000035762787,0.0,3.912431240081787,0.0,0.0
1770685707,707811995,,0.3400000035762787,0.0,4.741209030151367,0.0,0.0
1770685707,718163185,,0.3400000035762787,0.0,5.0,0.0,0.0
1770685707,770093634,,0.3400000035762787,0.0,5.0,0.0,0.0
1770685707,821016427,,0.3400000035762787,0.0,5.0,0.0,0.0
1770685707,872195542,,0.3400000035762787,0.0,5.0,0.0,0.0
1770685707,924730348,,0.3400000035762787,0.0,5.0,0.0,0.0
1770685707,975678069,,0.3400000035762787,0.0,5.0,0.0,0.0
1770685708,27425221,,0.3400000035762787,0.0,5.0,0.0,0.0
1770685708,78648912,,0.3400000035762787,0.0,5.0,0.0,0.0
1770685708,130516161,,0.3400000035762787,0.0,5.0,0.0,0.0
1770685708,192943913,,0.3400000035762787,0.0,4.585842132568359,0.0,0.0
1770685708,202829436,,0.3400000035762787,0.0,3.5497543811798096,0.0,0.0
1770685708,213136466,,0.3400000035762787,0.0,-0.13075639307498932,0.0,0.0
1770685708,224041965,,0.3400000035762787,0.0,0.0,0.0,0.0
1770685708,285838576,,0.3400000035762787,0.0,0.0,0.0,0.0
1770685708,336755320,,0.012423567473888397,0.0,0.0,0.0,0.0
1770685708,346323720,,0.0,0.0,0.0,0.0,0.0
1770685708,397619252,,0.0,0.0,0.0,0.0,0.0
1770685708,458475951,,0.04765055701136589,0.0,0.0,0.0,0.0
1770685708,468915462,,0.13571280241012573,0.0,0.0,0.0,0.0
1770685708,479485791,,0.24138329923152924,0.0,0.0,0.0,0.0
1770685708,489842421,,0.31183725595474243,0.0,0.0,0.0,0.0
1770685708,500557838,,0.3400000035762787,0.0,0.0,0.0,0.0
1770685708,551838138,,0.3400000035762787,0.0,0.0,0.0,0.0
1770685708,603566889,,0.3400000035762787,0.0,0.0,0.0,0.0
1770685708,654642675,,0.3400000035762787,0.0,0.0,0.0,0.0
1770685708,705370618,,0.3400000035762787,0.0,0.0,0.0,0.0
1770685708,759739743,,0.3400000035762787,0.0,0.0,0.0,0.0
1770685708,778676093,,0.24138329923152924,0.0,0.0,0.0,0.0
1770685708,789442071,,0.16036435961723328,0.0,0.0,0.0,0.0
1770685708,801291994,,0.0,0.0,0.0,0.0,0.0
1770685708,851052569,,0.0,0.0,0.0,0.0,0.0
1770685708,902216035,,0.0,0.0,0.0,0.0,0.0
1770685708,943237498,,0.0,0.0,0.28627750277519226,0.0,0.0
1770685708,959664418,,0.0,0.0,0.5452224016189575,0.0,0.0
1770685708,964012327,,0.0,0.0,0.9596884250640869,0.0,0.0
1770685708,984430129,,0.0,0.0,1.2187875509262085,0.0,0.0
1770685709,5884708,,0.0,0.0,1.3741543292999268,0.0,0.0
1770685709,56217991,,0.0,0.0,1.3741543292999268,0.0,0.0
1770685709,107016655,,0.0,0.0,1.3741543292999268,0.0,0.0
